Positions	rank_0	rank_1	rank_2	rank_3	rank_4	rank_5	rank_6	rank_7	rank_8	rank_9	rank_10
0	31.33	35.68	32.98	35.59	40.76	31.33	35.68	31.33	32.98	35.59	40.76
1	52.9	45.49	52.42	53.77	54.2	52.9	45.49	52.9	52.42	53.77	54.2
2	75.2	76.59	74.28	71.93	66.82	75.2	76.59	75.2	74.28	71.93	66.82
3	87.68	87.54	86.78	84.98	84.61	87.68	87.54	87.68	86.78	84.98	84.61
4	94.28	93.72	94.06	93.19	92.07	94.28	93.72	94.28	94.06	93.19	92.07
5	95.87	95.19	95.39	95.01	94.02	95.87	95.19	95.87	95.39	95.01	94.02
6	96.35	96.15	96.44	96.08	95.45	96.35	96.15	96.35	96.44	96.08	95.45
7	97.46	97.32	97.59	97.24	96.21	97.46	97.32	97.46	97.59	97.24	96.21
8	97.93	97.6	97.54	97.49	96.01	97.93	97.6	97.93	97.54	97.49	96.01
9	98.13	97.92	98.07	97.99	97.89	98.13	97.92	98.13	98.07	97.99	97.89
10	98.32	98.03	98.25	98.17	98.33	98.32	98.03	98.32	98.25	98.17	98.33
11	98.54	98.37	98.56	98.51	98.36	98.54	98.37	98.54	98.56	98.51	98.36
12	98.73	98.61	98.69	98.69	98.78	98.73	98.61	98.73	98.69	98.69	98.78
13	98.64	98.52	98.61	98.59	98.76	98.64	98.52	98.64	98.61	98.59	98.76
14	98.46	98.35	98.42	98.36	98.57	98.46	98.35	98.46	98.42	98.36	98.57
15	98.65	98.48	98.59	98.59	98.74	98.65	98.48	98.65	98.59	98.59	98.74
16	98.63	98.51	98.65	98.6	98.75	98.63	98.51	98.63	98.65	98.6	98.75
17	97.88	97.45	97.42	97.35	98.21	97.88	97.45	97.88	97.42	97.35	98.21
18	98.44	98.25	98.44	98.3	98.58	98.44	98.25	98.44	98.44	98.3	98.58
19	98.23	98.01	98.29	97.92	98.38	98.23	98.01	98.23	98.29	97.92	98.38
20	98.68	98.55	98.66	98.65	98.76	98.68	98.55	98.68	98.66	98.65	98.76
21	98.72	98.58	98.71	98.64	98.84	98.72	98.58	98.72	98.71	98.64	98.84
22	98.78	98.72	98.78	98.76	98.89	98.78	98.72	98.78	98.78	98.76	98.89
23	98.83	98.75	98.78	98.75	98.87	98.83	98.75	98.83	98.78	98.75	98.87
24	98.73	98.68	98.66	98.7	98.72	98.73	98.68	98.73	98.66	98.7	98.72
25	98.54	98.44	98.34	98.33	98.56	98.54	98.44	98.54	98.34	98.33	98.56
26	97.57	97.36	97.12	96.8	97.32	97.57	97.36	97.57	97.12	96.8	97.32
27	97.83	97.79	97.56	97.51	97.6	97.83	97.79	97.83	97.56	97.51	97.6
28	96.88	96.85	96.68	96.34	96.3	96.88	96.85	96.88	96.68	96.34	96.3
29	96.17	95.93	96.64	96.04	96.16	96.17	95.93	96.17	96.64	96.04	96.16
30	97.55	97.45	97.63	97.36	97.44	97.55	97.45	97.55	97.63	97.36	97.44
31	98.34	98.32	98.41	98.26	98.51	98.34	98.32	98.34	98.41	98.26	98.51
32	97.71	97.6	97.88	97.82	98.12	97.71	97.6	97.71	97.88	97.82	98.12
33	97.81	97.6	98.0	97.97	98.25	97.81	97.6	97.81	98.0	97.97	98.25
34	98.29	98.13	98.43	98.36	98.55	98.29	98.13	98.29	98.43	98.36	98.55
35	98.1	97.97	98.27	98.1	98.44	98.1	97.97	98.1	98.27	98.1	98.44
36	97.67	97.49	97.82	97.69	98.21	97.67	97.49	97.67	97.82	97.69	98.21
37	98.15	98.04	98.28	98.23	98.46	98.15	98.04	98.15	98.28	98.23	98.46
38	98.18	97.91	98.26	98.12	98.31	98.18	97.91	98.18	98.26	98.12	98.31
39	98.53	98.33	98.58	98.5	98.67	98.53	98.33	98.53	98.58	98.5	98.67
40	98.45	98.3	98.52	98.41	98.68	98.45	98.3	98.45	98.52	98.41	98.68
41	98.69	98.57	98.65	98.59	98.83	98.69	98.57	98.69	98.65	98.59	98.83
42	98.69	98.59	98.62	98.51	98.8	98.69	98.59	98.69	98.62	98.51	98.8
43	98.69	98.6	98.61	98.48	98.8	98.69	98.6	98.69	98.61	98.48	98.8
44	98.65	98.53	98.31	98.06	98.7	98.65	98.53	98.65	98.31	98.06	98.7
45	98.17	98.06	98.03	97.74	98.14	98.17	98.06	98.17	98.03	97.74	98.14
46	97.54	97.12	96.91	96.72	97.5	97.54	97.12	97.54	96.91	96.72	97.5
47	96.16	96.14	95.67	95.3	96.18	96.16	96.14	96.16	95.67	95.3	96.18
48	97.31	97.04	97.07	96.43	97.16	97.31	97.04	97.31	97.07	96.43	97.16
49	96.97	96.7	97.24	95.96	96.54	96.97	96.7	96.97	97.24	95.96	96.54
50	96.33	96.17	96.9	95.28	95.76	96.33	96.17	96.33	96.9	95.28	95.76
51	98.09	97.95	98.23	97.76	98.09	98.09	97.95	98.09	98.23	97.76	98.09
52	98.02	97.83	98.21	97.7	98.3	98.02	97.83	98.02	98.21	97.7	98.3
53	96.92	96.53	97.41	96.22	97.04	96.92	96.53	96.92	97.41	96.22	97.04
54	96.98	96.68	97.07	96.23	97.02	96.98	96.68	96.98	97.07	96.23	97.02
55	97.33	97.07	97.86	95.91	96.72	97.33	97.07	97.33	97.86	95.91	96.72
56	96.14	95.66	96.89	95.53	96.49	96.14	95.66	96.14	96.89	95.53	96.49
57	96.98	96.3	97.56	96.61	97.48	96.98	96.3	96.98	97.56	96.61	97.48
58	97.71	97.49	98.09	97.3	97.95	97.71	97.49	97.71	98.09	97.3	97.95
59	95.11	94.86	96.39	95.4	96.16	95.11	94.86	95.11	96.39	95.4	96.16
60	92.49	92.55	95.12	94.49	94.56	92.49	92.55	92.49	95.12	94.49	94.56
61	98.31	98.14	98.47	98.25	98.61	98.31	98.14	98.31	98.47	98.25	98.61
62	98.3	98.15	98.4	98.11	98.54	98.3	98.15	98.3	98.4	98.11	98.54
63	98.57	98.48	98.63	98.42	98.65	98.57	98.48	98.57	98.63	98.42	98.65
64	98.36	98.21	98.37	98.01	98.5	98.36	98.21	98.36	98.37	98.01	98.5
65	98.54	98.43	98.49	98.34	98.6	98.54	98.43	98.54	98.49	98.34	98.6
66	98.36	98.08	98.03	97.94	98.46	98.36	98.08	98.36	98.03	97.94	98.46
67	97.57	97.23	97.3	96.93	97.98	97.57	97.23	97.57	97.3	96.93	97.98
68	97.15	96.86	96.47	96.31	97.48	97.15	96.86	97.15	96.47	96.31	97.48
69	97.3	97.05	96.44	95.21	97.49	97.3	97.05	97.3	96.44	95.21	97.49
70	95.04	94.81	93.77	93.69	94.91	95.04	94.81	95.04	93.77	93.69	94.91
71	93.23	92.74	90.39	90.08	92.78	93.23	92.74	93.23	90.39	90.08	92.78
72	86.34	86.02	84.04	82.42	85.7	86.34	86.02	86.34	84.04	82.42	85.7
73	87.3	85.56	85.02	84.17	88.11	87.3	85.56	87.3	85.02	84.17	88.11
74	83.63	82.24	79.46	79.56	81.7	83.63	82.24	83.63	79.46	79.56	81.7
75	84.4	82.43	80.98	82.04	82.79	84.4	82.43	84.4	80.98	82.04	82.79
76	89.86	89.27	86.12	86.67	89.57	89.86	89.27	89.86	86.12	86.67	89.57
77	93.11	92.42	90.84	91.02	93.75	93.11	92.42	93.11	90.84	91.02	93.75
78	94.13	93.31	92.43	92.2	93.95	94.13	93.31	94.13	92.43	92.2	93.95
79	96.18	95.45	95.01	94.88	96.27	96.18	95.45	96.18	95.01	94.88	96.27
80	97.14	97.05	96.5	96.57	97.42	97.14	97.05	97.14	96.5	96.57	97.42
81	97.37	97.04	96.4	96.56	97.56	97.37	97.04	97.37	96.4	96.56	97.56
82	97.22	97.32	96.85	96.58	97.63	97.22	97.32	97.22	96.85	96.58	97.63
83	97.93	97.69	97.71	97.58	98.41	97.93	97.69	97.93	97.71	97.58	98.41
84	98.04	97.93	97.68	97.5	98.29	98.04	97.93	98.04	97.68	97.5	98.29
85	98.3	98.21	97.95	97.82	98.57	98.3	98.21	98.3	97.95	97.82	98.57
86	98.1	98.04	97.92	97.69	98.38	98.1	98.04	98.1	97.92	97.69	98.38
87	98.35	98.18	98.23	98.15	98.66	98.35	98.18	98.35	98.23	98.15	98.66
88	98.39	98.29	98.28	98.14	98.53	98.39	98.29	98.39	98.28	98.14	98.53
89	97.7	97.71	97.86	97.32	98.22	97.7	97.71	97.7	97.86	97.32	98.22
90	96.25	95.98	95.91	95.2	97.44	96.25	95.98	96.25	95.91	95.2	97.44
91	90.8	90.38	88.91	85.74	91.04	90.8	90.38	90.8	88.91	85.74	91.04
92	91.38	92.08	90.86	86.68	92.85	91.38	92.08	91.38	90.86	86.68	92.85
93	97.01	96.77	96.45	95.5	97.9	97.01	96.77	97.01	96.45	95.5	97.9
94	97.88	97.66	98.0	97.76	98.43	97.88	97.66	97.88	98.0	97.76	98.43
95	98.62	98.56	98.63	98.6	98.81	98.62	98.56	98.62	98.63	98.6	98.81
96	98.65	98.58	98.72	98.65	98.82	98.65	98.58	98.65	98.72	98.65	98.82
97	98.84	98.76	98.81	98.81	98.91	98.84	98.76	98.84	98.81	98.81	98.91
98	98.82	98.76	98.79	98.78	98.88	98.82	98.76	98.82	98.79	98.78	98.88
99	98.83	98.73	98.75	98.76	98.81	98.83	98.73	98.83	98.75	98.76	98.81
100	98.47	98.26	98.04	98.17	98.05	98.47	98.26	98.47	98.04	98.17	98.05
101	97.17	96.69	96.05	96.22	95.96	97.17	96.69	97.17	96.05	96.22	95.96
102	95.26	94.97	93.35	93.48	93.41	95.26	94.97	95.26	93.35	93.48	93.41
103	94.73	94.4	92.75	93.2	94.03	94.73	94.4	94.73	92.75	93.2	94.03
104	94.72	94.37	93.07	93.47	94.05	94.72	94.37	94.72	93.07	93.47	94.05
105	95.42	95.0	94.05	94.32	93.81	95.42	95.0	95.42	94.05	94.32	93.81
106	94.99	94.11	93.47	93.77	92.98	94.99	94.11	94.99	93.47	93.77	92.98
107	97.15	96.42	96.0	96.31	96.11	97.15	96.42	97.15	96.0	96.31	96.11
108	97.93	97.72	97.51	97.72	97.89	97.93	97.72	97.93	97.51	97.72	97.89
109	97.93	97.61	97.38	97.56	97.44	97.93	97.61	97.93	97.38	97.56	97.44
110	97.12	96.75	97.02	96.9	97.08	97.12	96.75	97.12	97.02	96.9	97.08
111	97.54	97.53	97.65	97.47	98.06	97.54	97.53	97.54	97.65	97.47	98.06
112	97.77	97.76	97.91	97.81	98.29	97.77	97.76	97.77	97.91	97.81	98.29
113	97.15	97.14	97.59	97.16	97.83	97.15	97.14	97.15	97.59	97.16	97.83
114	96.01	96.24	96.89	96.38	97.01	96.01	96.24	96.01	96.89	96.38	97.01
115	97.73	97.69	98.11	97.77	98.42	97.73	97.69	97.73	98.11	97.77	98.42
116	97.84	97.64	98.2	98.03	98.56	97.84	97.64	97.84	98.2	98.03	98.56
117	97.5	97.28	98.0	97.58	98.4	97.5	97.28	97.5	98.0	97.58	98.4
118	97.95	97.76	98.1	98.07	98.44	97.95	97.76	97.95	98.1	98.07	98.44
119	98.73	98.63	98.76	98.7	98.84	98.73	98.63	98.73	98.76	98.7	98.84
120	98.79	98.7	98.71	98.72	98.76	98.79	98.7	98.79	98.71	98.72	98.76
121	98.78	98.66	98.63	98.67	98.62	98.78	98.66	98.78	98.63	98.67	98.62
122	97.91	97.4	97.23	97.31	95.96	97.91	97.4	97.91	97.23	97.31	95.96
123	96.17	95.12	94.99	95.29	93.65	96.17	95.12	96.17	94.99	95.29	93.65
124	92.73	91.12	90.31	90.58	89.17	92.73	91.12	92.73	90.31	90.58	89.17
125	93.0	90.01	89.51	89.23	85.24	93.0	90.01	93.0	89.51	89.23	85.24
126	86.42	80.18	78.93	79.68	72.63	86.42	80.18	86.42	78.93	79.68	72.63
127	83.6	76.87	76.41	75.84	57.27	83.6	76.87	83.6	76.41	75.84	57.27
128	81.87	70.58	72.45	70.7	51.28	81.87	70.58	81.87	72.45	70.7	51.28
129	79.53	71.94	64.94	64.84	48.6	79.53	71.94	79.53	64.94	64.84	48.6
130	81.15	75.11	73.46	71.32	57.73	81.15	75.11	81.15	73.46	71.32	57.73
131	73.85	67.61	66.06	63.62	50.78	73.85	67.61	73.85	66.06	63.62	50.78
132	61.97	63.09	55.34	57.25	50.59	61.97	63.09	61.97	55.34	57.25	50.59
133	71.73	70.1	63.84	61.47	53.51	71.73	70.1	71.73	63.84	61.47	53.51
134	76.1	69.22	64.86	63.29	55.01	76.1	69.22	76.1	64.86	63.29	55.01
135	77.74	69.4	64.87	64.3	49.76	77.74	69.4	77.74	64.87	64.3	49.76
136	81.34	75.87	73.47	73.41	50.6	81.34	75.87	81.34	73.47	73.41	50.6
137	84.94	78.84	78.37	78.49	65.2	84.94	78.84	84.94	78.37	78.49	65.2
138	87.54	83.58	81.52	83.02	70.59	87.54	83.58	87.54	81.52	83.02	70.59
139	91.68	87.58	85.47	85.57	78.76	91.68	87.58	91.68	85.47	85.57	78.76
140	91.83	88.88	87.67	88.35	82.28	91.83	88.88	91.83	87.67	88.35	82.28
141	93.04	91.28	90.71	91.14	87.39	93.04	91.28	93.04	90.71	91.14	87.39
142	95.63	94.16	93.76	94.53	91.22	95.63	94.16	95.63	93.76	94.53	91.22
143	95.81	94.53	94.29	94.04	92.25	95.81	94.53	95.81	94.29	94.04	92.25
144	95.06	93.69	94.09	93.94	92.77	95.06	93.69	95.06	94.09	93.94	92.77
145	96.04	95.19	96.44	96.0	96.29	96.04	95.19	96.04	96.44	96.0	96.29
146	98.01	97.55	97.82	97.79	97.05	98.01	97.55	98.01	97.82	97.79	97.05
147	97.31	96.76	97.09	96.68	95.72	97.31	96.76	97.31	97.09	96.68	95.72
148	97.6	96.93	96.63	96.65	94.64	97.6	96.93	97.6	96.63	96.65	94.64
149	98.21	97.79	98.07	97.88	96.77	98.21	97.79	98.21	98.07	97.88	96.77
150	98.06	97.51	97.61	97.42	95.65	98.06	97.51	98.06	97.61	97.42	95.65
151	97.42	96.52	96.11	96.32	92.15	97.42	96.52	97.42	96.11	96.32	92.15
152	97.58	96.6	96.81	96.74	93.58	97.58	96.6	97.58	96.81	96.74	93.58
153	95.05	93.98	94.04	93.9	90.8	95.05	93.98	95.05	94.04	93.9	90.8
154	94.96	93.75	93.53	93.55	90.87	94.96	93.75	94.96	93.53	93.55	90.87
155	97.47	96.85	95.98	96.18	93.61	97.47	96.85	97.47	95.98	96.18	93.61
156	98.05	97.55	97.08	97.31	94.68	98.05	97.55	98.05	97.08	97.31	94.68
157	98.73	98.54	98.54	98.58	97.72	98.73	98.54	98.73	98.54	98.58	97.72
158	98.65	98.46	98.5	98.54	98.07	98.65	98.46	98.65	98.5	98.54	98.07
159	98.15	97.91	98.22	98.06	98.36	98.15	97.91	98.15	98.22	98.06	98.36
160	96.87	96.37	97.11	96.85	97.44	96.87	96.37	96.87	97.11	96.85	97.44
161	96.45	96.02	97.61	96.64	97.6	96.45	96.02	96.45	97.61	96.64	97.6
162	85.68	83.81	90.34	84.2	88.94	85.68	83.81	85.68	90.34	84.2	88.94
163	73.04	72.65	80.36	73.19	79.14	73.04	72.65	73.04	80.36	73.19	79.14
164	65.05	67.28	81.05	60.49	80.63	65.05	67.28	65.05	81.05	60.49	80.63
