0.7501	2.3543	4.1129	5.5438	4.4164	4.5288	5.6226	7.2554	6.7662	6.6178	9.1416	10.2914	7.7610	11.3789	12.3950	13.9529	13.2064	14.3018	16.0839	15.2796	14.1505	17.7306	18.4442	16.1472	17.9102	18.7128	17.6189	17.1649	16.8683	18.4495	17.9753	18.4322	20.0631	19.2093	18.1615	19.6683	20.4690	19.9326	19.5734	21.8579	20.8418	18.4242	19.8233	20.3678	21.4194	20.3414	20.9346	21.7683	22.6362	22.3121	22.2586	21.5231	21.4620	21.3618	21.8249	22.6422	22.7524	24.1270	9.7136	13.1815	7.7953	10.2910	12.4459	10.9789	8.8227	11.8174	13.0202	9.5191	9.2328	12.0175	12.3988	10.3905	10.8649	14.4009	13.4820	12.5305	13.6621	14.5950	13.5770	14.6609	16.2342	15.8089	15.4580	15.3967	15.8477	15.6519	15.3952	17.1266	16.9155	16.3601	17.2063	19.1818	18.0282	18.0802	19.1439	18.6837	18.0829	19.1972	20.0148	19.0294	19.1743	20.7160	21.2438	22.4040	21.2409	21.4650	23.5860	21.5920	23.3068	21.2487	23.2418	21.6725	22.8663	23.5191	24.0913	25.1172
0.9739	0.7500	1.1355	2.0188	2.8110	3.1062	2.8322	4.3450	3.6406	2.9988	4.6439	5.1775	4.5506	4.6040	6.1541	6.5208	5.7820	6.7121	8.1238	7.7009	7.0061	8.3275	8.0997	7.4129	7.7438	8.8196	8.7444	8.7297	8.4203	10.3633	9.0184	9.7846	10.8912	10.8507	10.3024	11.7916	12.4508	11.0552	12.0114	12.4769	12.6517	12.4621	13.4147	13.8405	14.6861	15.4680	15.6685	16.3698	16.7814	15.3411	17.1306	16.5284	18.4360	17.5117	18.2526	18.8367	19.8276	21.4327	5.7163	5.3842	3.6588	4.5635	5.1055	3.8365	3.2269	4.8342	4.7648	4.1632	5.0525	5.1708	4.9267	5.5412	6.2703	6.5257	5.9666	6.7736	6.8290	6.8394	7.1959	8.0182	7.3781	7.7203	8.7867	8.5016	8.5751	9.3876	9.4212	9.9567	9.4496	10.4128	11.1957	11.2062	11.2193	12.2674	12.2621	11.4714	12.1646	12.9572	13.5271	13.3262	13.7613	13.8236	14.7770	15.3405	16.6321	17.3230	17.1947	15.4231	18.0637	16.4930	18.4980	17.5024	18.1577	19.0861	19.9754	21.7170
1.5823	0.8054	0.7500	0.8144	1.0121	0.9761	0.9737	1.1781	1.5446	1.6154	1.6676	1.9646	2.2014	2.2363	2.3594	2.6546	2.8156	3.0135	3.4169	3.5521	3.4051	3.7637	3.7700	3.9626	4.2444	4.3320	4.3435	4.7263	4.6578	5.1720	5.0407	5.3286	5.9362	6.0310	5.6435	6.9018	6.9588	6.6529	6.6669	7.5714	7.3839	7.4390	7.9657	8.2602	8.9707	9.5514	10.6007	10.9981	11.3878	11.0032	13.0041	11.8890	14.2886	13.8050	14.7786	15.9150	16.9031	18.7338	3.3587	3.2088	2.5060	2.6072	2.7705	3.0109	2.2542	3.0101	2.6878	2.6201	3.2351	3.5258	3.3174	2.9011	3.4854	3.6208	3.5569	3.6323	4.1632	4.2232	3.9632	4.4499	4.4167	4.7204	4.8951	4.7978	5.0414	5.3174	5.1031	5.6483	5.7339	5.8480	6.0842	6.6795	6.2256	6.9550	7.1681	7.0035	7.1779	7.6087	7.4796	7.8370	8.2237	8.3182	9.1025	9.7359	10.8150	11.2069	11.4011	11.0237	13.2606	11.8703	14.0382	13.5840	14.2299	15.7769	16.6415	19.0771
1.7679	1.0802	0.7789	0.7500	0.7808	0.8742	0.9046	0.9180	1.0514	1.2561	1.3011	1.4249	1.5888	1.6635	1.8811	2.0690	2.1726	2.3931	2.6230	2.7968	2.6406	2.9768	3.0546	3.1873	3.3287	3.5541	3.7388	3.8876	3.9477	4.4819	4.5398	4.6653	5.1132	5.2003	5.1070	5.6861	6.0670	6.1741	6.2216	6.6557	6.8063	6.8794	7.1321	7.5213	8.2636	9.0958	9.8613	10.0840	10.3694	10.8423	12.1756	11.4424	13.0940	13.0876	13.7303	15.3561	15.8884	17.1805	2.7684	2.5278	1.9314	2.0480	2.3235	2.9603	1.7629	2.7303	2.7630	2.4175	2.3367	2.8224	2.8888	2.3406	2.6734	2.9668	2.7892	2.9794	3.3700	3.2051	3.0899	3.6359	3.5326	3.6835	3.8750	3.9845	4.1198	4.2525	4.2598	4.9919	4.7106	4.9790	5.5075	5.5974	5.4160	6.1433	6.1415	6.2204	6.4631	6.7125	6.9414	6.9964	7.2020	7.6717	8.2250	9.2450	9.6882	10.3705	10.3772	10.2881	12.3598	11.7954	13.7881	13.6283	14.5330	15.3603	16.6441	18.4788
1.6697	1.3237	0.9484	0.7764	0.7500	0.7767	0.9128	0.9414	0.9174	1.0455	1.4038	1.4300	1.4487	1.7023	1.8545	1.8940	1.9405	2.3485	2.5153	2.5733	2.6926	3.1635	3.0635	3.1783	3.3764	3.4998	3.7004	3.9575	3.9598	4.4151	4.4090	4.7924	5.0492	5.2002	5.2165	5.9371	5.9303	6.1111	6.3829	6.7300	6.6372	6.7340	7.4013	7.5257	8.1541	9.2061	9.9252	10.0342	10.5638	10.2649	12.1164	11.5219	13.3226	13.1751	14.0328	14.7781	15.7180	17.4689	3.5603	2.9119	1.9618	2.2808	2.4090	2.3417	1.9406	2.5145	2.7485	1.9241	2.1631	2.4424	2.3738	2.0187	2.3716	2.8150	2.3770	2.5265	2.9005	2.9999	2.9139	3.1891	3.3414	3.3089	3.4481	3.6658	3.7570	3.7894	4.1037	4.4083	4.2877	4.5266	4.9619	5.2687	5.0122	5.7443	5.9764	5.8724	6.0033	6.4111	6.7519	6.6437	6.9232	7.7825	7.9587	8.8976	9.9088	10.2021	10.5006	10.1318	12.4574	11.5351	13.6587	13.7021	14.1980	15.2918	15.8795	18.5290
1.6816	1.0968	0.8901	0.8169	0.7703	0.7500	0.7625	0.8570	0.8370	0.8467	0.9490	1.1104	1.1457	1.1502	1.3738	1.4826	1.5930	1.7247	1.8752	2.0610	2.0518	2.2982	2.4358	2.5572	2.6596	2.8939	2.9314	3.1763	3.2124	3.6185	3.6383	3.8702	4.2055	4.3846	4.3490	4.9205	5.0519	4.9053	5.2226	5.7179	5.6060	5.8041	6.2102	6.6752	7.0921	7.9451	8.9677	9.4294	9.5889	9.5776	11.4696	11.2320	13.5790	13.1917	14.0587	15.2888	16.0507	17.3873	2.7310	2.1543	1.4968	1.5925	1.7101	1.8118	1.2444	1.5644	1.6157	1.2888	1.7275	1.6865	1.5440	1.5243	1.9872	1.8996	1.9813	2.2398	2.2602	2.4358	2.3096	2.6469	2.8988	2.8317	3.0163	3.2519	3.3781	3.4394	3.5675	3.9549	3.9326	3.9537	4.4904	4.7527	4.6509	4.8579	5.3126	5.3477	5.3442	5.9413	6.1752	6.2092	6.3434	6.8064	7.2173	8.1955	9.1201	9.4549	9.4922	9.3159	11.4734	10.9588	13.0537	12.7990	13.2762	15.0137	15.7177	17.4548
1.5988	1.2688	0.8917	0.8607	0.8167	0.7703	0.7500	0.7637	0.8125	0.8074	0.8366	0.9657	1.0570	1.0544	1.2263	1.3709	1.4413	1.5705	1.7867	1.7770	1.8817	2.1030	2.1759	2.2896	2.3863	2.6120	2.5929	2.7400	2.9920	3.2103	3.3228	3.3773	3.7558	3.7759	3.7682	4.1451	4.4442	4.4025	4.4533	5.0693	5.1791	5.1335	5.5623	6.1840	6.5999	7.5748	8.3602	8.9651	9.1515	9.0935	10.8309	10.3736	12.6587	12.2360	12.9561	14.5878	15.2551	17.1628	2.7497	2.2830	1.6178	1.8811	1.6673	2.3685	1.3484	1.5956	2.0999	1.4541	1.4348	1.6813	1.9758	1.5727	1.9112	2.0100	2.0504	1.9937	2.2319	2.1647	2.1140	2.4488	2.4841	2.7235	2.7353	2.8668	2.9197	3.0986	3.1714	3.5400	3.6389	3.6891	3.8984	4.0506	4.0317	4.3214	4.5967	4.6273	4.6856	5.1850	5.3468	5.3498	5.6957	6.1753	6.6923	7.7753	8.0177	8.9529	8.9935	8.8248	10.9778	10.3513	12.6644	12.2101	13.1903	14.4075	15.2951	17.5259
1.8770	1.3250	1.0660	0.9004	0.8943	0.8351	0.7651	0.7500	0.7617	0.8417	0.8487	0.9090	0.9895	1.1453	1.2303	1.2462	1.3910	1.5314	1.6056	1.7360	1.8924	2.0751	2.1920	2.2648	2.3910	2.6002	2.7290	2.8688	3.0905	3.3027	3.4572	3.6095	3.7092	4.0004	3.9946	4.2599	4.6791	4.7464	4.7393	5.2386	5.2975	5.3856	5.8845	6.1584	6.8290	7.6024	8.3690	8.4455	8.7308	8.5292	10.3884	9.8158	11.6915	11.8572	12.4034	13.5097	14.2646	15.6344	2.4253	2.0768	1.6177	1.7367	1.9097	1.4794	1.2937	1.5535	1.8714	1.3690	1.5800	1.9097	1.8498	1.5831	1.8980	2.0157	1.9233	1.9487	2.2692	2.2593	2.1257	2.4135	2.6549	2.5556	2.5469	2.8704	3.0231	3.0313	3.2688	3.6108	3.5578	3.5749	3.9585	4.2531	3.9935	4.4167	4.7738	4.6469	4.7973	5.2848	5.2573	5.4130	5.6800	6.4357	6.6683	7.5454	8.3082	8.7843	8.6330	8.4081	10.4668	9.9984	12.0679	12.2533	13.2311	13.7510	14.6425	17.1556
1.8628	1.2953	1.0879	1.0037	0.8821	0.8386	0.8055	0.7614	0.7500	0.7592	0.8597	0.8727	0.8841	0.9755	1.1072	1.2016	1.2136	1.3799	1.5548	1.6261	1.6874	1.9054	2.0623	2.1382	2.2432	2.4783	2.5530	2.7306	2.7454	3.0860	3.1265	3.3360	3.5171	3.7137	3.7841	4.2192	4.3179	4.3402	4.5347	5.0817	4.8531	5.1385	5.6375	5.9103	6.4474	7.3457	8.1107	8.2803	8.5200	8.3438	10.2976	9.9784	11.8576	12.2276	12.6412	13.6621	15.0276	16.3662	2.7700	2.5388	1.7519	2.0413	2.3480	1.5811	1.4396	1.8351	1.5489	1.2413	1.4733	1.6508	1.5432	1.3262	1.5953	1.6687	1.6325	1.6376	1.8850	2.0542	1.9007	2.1350	2.2278	2.3124	2.4198	2.5642	2.6789	2.7603	2.9458	3.1444	3.1810	3.2586	3.6355	3.8556	3.7471	4.0888	4.3932	4.4446	4.4676	4.9384	5.0556	5.1450	5.4411	6.1967	6.3922	7.3176	8.2419	8.5539	8.5464	8.4132	10.4018	9.9802	11.9259	12.4380	12.6811	14.5100	15.1183	16.9826
2.0847	1.3083	1.0859	1.0067	0.9302	0.8319	0.8014	0.7866	0.7559	0.7500	0.7579	0.8258	0.8122	0.8174	0.9048	1.0630	1.0649	1.0994	1.2862	1.3979	1.4913	1.6210	1.7479	1.8490	1.9767	2.1446	2.2078	2.3168	2.4751	2.6665	2.7289	2.8868	3.2100	3.2762	3.2866	3.7027	3.8831	3.8269	3.9471	4.5001	4.3668	4.5289	5.0546	5.3951	6.0789	6.8534	7.8528	8.2475	8.5159	8.1765	10.5302	10.1557	11.9587	11.8486	12.7807	14.3718	15.4552	17.6597	2.7759	2.4264	1.5072	1.5842	1.6515	1.4741	1.1011	1.4692	1.3743	1.4216	1.2387	1.4303	1.2140	1.1861	1.4507	1.5410	1.4838	1.5117	1.8515	1.8437	1.7399	2.0545	2.1804	2.1693	2.2937	2.5236	2.6306	2.5855	2.8291	3.0318	3.0955	3.1518	3.3988	3.6402	3.6625	3.8380	4.2954	4.1429	4.1824	4.8609	4.7214	4.8031	5.2674	5.5919	6.3153	7.1302	7.8037	8.4431	8.5822	8.3262	10.7947	10.1611	11.7759	11.7409	12.4966	14.2810	15.2856	17.6189
2.0185	1.6218	1.2240	1.1128	1.0522	0.9142	0.8404	0.8188	0.8077	0.7610	0.7500	0.7610	0.8129	0.8448	0.8594	0.9711	1.0952	1.1557	1.2487	1.4266	1.5113	1.6416	1.7863	1.8639	2.0858	2.2216	2.3057	2.4454	2.6254	2.7725	2.9460	3.1514	3.2765	3.5480	3.5838	3.7726	4.1200	4.0936	4.3125	4.6958	4.6827	4.9090	5.2538	5.8314	6.3392	7.1288	8.2571	8.3492	8.5104	8.2948	10.2677	9.7543	11.5350	11.8147	12.3960	14.4640	15.3367	17.5929	2.6498	2.3394	1.6320	1.7617	1.7813	1.8013	1.3162	1.5035	1.4925	1.1262	1.3255	1.6022	1.3879	1.3269	1.6240	1.7729	1.7048	1.6679	1.9768	2.0627	1.9582	2.1942	2.3872	2.3143	2.4721	2.7668	2.7994	2.7912	2.9434	3.3291	3.2664	3.4426	3.6991	3.9263	3.8385	4.1754	4.5290	4.3397	4.4315	5.0967	5.0380	5.0531	5.3923	5.9976	6.4730	7.2197	7.8953	8.3767	8.3775	8.3035	10.3647	10.3076	11.9454	12.1041	13.3806	14.0757	15.8533	18.1673
2.0329	1.7102	1.4354	1.2800	1.1971	1.0855	0.9492	0.8978	0.8668	0.8245	0.7658	0.7500	0.7607	0.8386	0.8733	0.8885	0.9882	1.0982	1.2127	1.2910	1.3841	1.5648	1.6234	1.7251	1.9552	2.1341	2.2325	2.3749	2.5257	2.6549	2.7980	3.1007	3.1469	3.3622	3.5440	3.8021	3.9298	3.9803	4.2241	4.6234	4.6179	4.8295	5.2945	5.4989	6.2594	7.0832	7.5670	7.6157	8.2373	7.9609	10.1114	9.5810	11.3785	11.6433	12.5796	13.7606	15.0877	16.9410	2.7254	2.2914	1.8820	1.8526	1.7935	1.6421	1.4865	1.7778	1.6975	1.2615	1.4963	1.7009	1.6740	1.3527	1.6621	1.8288	1.5343	1.5895	1.9331	1.9672	1.7315	2.0040	2.2077	2.0731	2.1763	2.4610	2.5965	2.5144	2.6406	2.9237	2.9417	3.0129	3.3656	3.6306	3.5722	3.8665	4.1183	4.0749	4.2148	4.6243	4.7502	4.8379	5.2928	5.9169	6.4283	7.1349	7.7388	8.0914	8.2043	8.0472	10.1337	10.1283	11.9453	11.9103	13.3142	14.8251	15.9168	18.6054
1.9771	1.6598	1.3532	1.2595	1.1859	1.0843	0.9764	0.9318	0.8518	0.8114	0.7989	0.7606	0.7500	0.7549	0.8165	0.8344	0.8244	0.9313	1.0485	1.0918	1.1999	1.3042	1.4299	1.5185	1.6299	1.8178	1.9352	2.0682	2.1444	2.3432	2.4196	2.6417	2.8535	2.8931	3.0718	3.3799	3.5229	3.5406	3.7553	4.1170	4.1553	4.3072	4.7381	5.0865	5.6971	6.7087	7.4738	7.7097	8.1089	8.0938	9.9170	9.6961	11.4659	12.0875	13.2435	14.9997	16.9218	18.6799	2.4980	2.2775	1.7952	1.8789	1.7891	1.4748	1.3784	1.5718	1.4625	1.1983	1.3667	1.4150	1.3324	1.0924	1.3938	1.2912	1.1887	1.4199	1.4924	1.4568	1.4306	1.6965	1.7737	1.8086	1.8852	2.1835	2.1672	2.2533	2.4775	2.6234	2.5754	2.8463	3.1075	3.2442	3.1766	3.4939	3.8577	3.7403	3.8402	4.2894	4.4200	4.4755	4.8127	5.3555	5.8476	6.6157	7.4563	7.9804	7.9269	7.9034	10.0763	9.6064	11.4725	11.6202	12.6513	14.7950	15.9957	17.9863
2.2965	1.7887	1.5203	1.3806	1.2664	1.1008	1.0469	1.0141	0.9041	0.8240	0.8350	0.8113	0.7571	0.7500	0.7575	0.8398	0.8201	0.8415	0.9406	1.0404	1.1199	1.2352	1.4283	1.5260	1.6253	1.7780	1.8577	2.0090	2.1403	2.3422	2.3573	2.5817	2.7622	2.8716	2.9208	3.2473	3.5822	3.4549	3.6830	4.0859	3.9415	4.1849	4.5463	5.0807	5.6310	6.3672	7.5284	7.7200	7.9309	7.8853	10.1778	9.7043	11.6068	11.7303	12.8207	15.3729	16.3074	19.3802	2.9923	2.4007	1.8993	1.9470	1.8570	1.6296	1.4255	1.6841	1.5095	1.2452	1.3075	1.5118	1.2560	1.1982	1.4428	1.4433	1.3210	1.3850	1.6977	1.6157	1.5059	1.9827	1.9667	1.9560	2.0850	2.2935	2.2980	2.3619	2.5417	2.8080	2.7402	2.9983	3.0985	3.3552	3.2858	3.5609	4.0142	3.7806	3.9067	4.3995	4.3371	4.4025	4.8259	5.2244	5.7897	6.6555	7.4054	7.9221	7.9831	8.0528	10.2767	9.7091	11.8596	11.7424	13.2283	14.6581	15.4072	18.3765
2.5689	2.1247	1.7083	1.6047	1.5395	1.3664	1.2462	1.1783	1.1027	0.9725	0.9074	0.8546	0.8287	0.7628	0.7500	0.7634	0.8384	0.8554	0.8774	0.9959	1.1081	1.2172	1.2973	1.4897	1.6160	1.7219	1.8949	2.0386	2.2062	2.3397	2.4479	2.6852	2.8301	2.9652	3.1431	3.3443	3.5394	3.6044	3.7972	4.0205	4.1242	4.3962	4.7728	5.1615	5.7561	6.6408	7.4939	7.7144	7.8359	7.9239	9.9665	9.2562	11.0295	11.6786	12.6060	15.0907	15.9313	17.5413	2.7039	2.3615	1.9678	1.9889	1.8897	1.7959	1.5745	1.6183	1.6350	1.2856	1.4261	1.5102	1.3830	1.2265	1.4468	1.5798	1.3384	1.5476	1.8112	1.6997	1.5492	2.0411	2.0129	2.0627	2.1728	2.3918	2.4132	2.4183	2.6319	2.7788	2.7964	2.9469	3.3062	3.4066	3.2453	3.7496	3.9524	3.8129	3.9290	4.4479	4.4829	4.5006	4.9151	5.5276	5.9017	6.6552	7.7926	7.9358	7.9117	8.0567	9.9410	9.6869	11.7453	12.4249	13.7805	15.0824	16.1111	17.7668
2.6265	2.1391	1.8363	1.6520	1.6091	1.4590	1.3315	1.2526	1.1900	1.0636	0.9548	0.8992	0.8540	0.8163	0.7617	0.7500	0.7585	0.8342	0.8817	0.8792	0.9956	1.1343	1.2247	1.2941	1.4997	1.6358	1.6638	1.8065	1.9948	2.1164	2.1962	2.4744	2.5604	2.6897	2.8826	3.1382	3.2562	3.3011	3.5603	3.8437	3.7879	4.1059	4.5417	4.7824	5.4999	6.3298	6.9857	7.1227	7.7117	7.5639	9.7114	9.5564	11.1893	12.0960	13.1231	14.7774	16.2066	18.5048	3.1272	2.7627	2.1104	2.2760	2.2163	1.9323	1.7569	1.8788	1.8886	1.4200	1.5881	1.7664	1.5141	1.3247	1.5705	1.5519	1.2826	1.3848	1.6727	1.5922	1.3724	1.6972	1.8241	1.7294	1.7604	2.0494	2.1286	2.0058	2.3434	2.4853	2.4416	2.6287	2.8431	3.0453	2.8886	3.2653	3.5298	3.4563	3.4980	3.9505	4.0018	4.1561	4.5644	5.2179	5.6523	6.3814	7.3351	7.5775	7.6728	7.7567	9.9235	9.5438	11.6700	12.0694	13.3072	15.1861	15.7876	18.0188
2.4788	2.0469	1.8306	1.6649	1.5306	1.4490	1.3616	1.2344	1.1628	1.0732	1.0102	0.9360	0.8395	0.8026	0.7937	0.7610	0.7500	0.7585	0.8345	0.8600	0.8852	0.9800	1.1580	1.1823	1.2545	1.4848	1.5611	1.6803	1.8210	1.9279	2.0836	2.1678	2.3747	2.4846	2.5524	2.8903	3.0214	3.0190	3.2333	3.5582	3.5488	3.6926	4.1656	4.5122	5.1690	6.0777	7.0109	7.2217	7.9594	7.5192	9.7291	9.3346	11.5287	11.7528	13.3202	15.4255	16.3025	18.6453	3.0469	2.6271	2.1342	2.1213	2.1806	1.9814	1.6746	1.8015	1.7858	1.3878	1.4918	1.5913	1.3575	1.1652	1.4058	1.4275	1.3272	1.2366	1.5206	1.4482	1.3108	1.6002	1.6986	1.5934	1.7437	2.0825	2.0466	2.0077	2.3895	2.5152	2.4174	2.5801	2.8729	2.9047	2.8273	3.2750	3.5401	3.3920	3.4471	3.9751	3.9830	4.0289	4.4682	4.9386	5.5344	6.4423	7.0438	7.4362	7.9511	7.5115	9.8413	8.9905	10.9713	10.8774	12.7323	13.8652	14.8993	16.4031
2.5987	2.1889	2.0097	1.9087	1.7175	1.5596	1.4846	1.3923	1.2342	1.1522	1.1212	0.9972	0.9103	0.8439	0.8051	0.8000	0.7582	0.7500	0.7599	0.8373	0.8397	0.8775	0.9908	1.1449	1.1737	1.3070	1.4625	1.6115	1.7201	1.8583	1.9874	2.1572	2.2948	2.4388	2.4967	2.7577	2.9531	3.0353	3.1206	3.4085	3.5996	3.7183	4.0121	4.6539	5.1542	6.0070	7.1258	7.1500	7.4744	7.4921	9.6293	9.0620	10.7983	11.1090	12.6682	14.7320	15.8438	18.3485	3.0397	2.5648	2.3262	2.2865	2.1625	2.0459	1.7577	1.8368	1.7815	1.4809	1.4834	1.5590	1.3668	1.1808	1.4262	1.3889	1.1942	1.3935	1.5083	1.4630	1.3135	1.6337	1.6953	1.6596	1.7736	2.0372	2.0478	2.0398	2.2707	2.4688	2.4102	2.6188	2.8460	2.9291	2.8496	3.4083	3.4849	3.3635	3.5142	3.9048	4.0011	4.0388	4.4015	4.9052	5.3871	6.2375	7.0514	7.1961	7.5529	7.5313	9.7076	9.2315	11.5299	11.7772	13.1486	14.7716	15.6827	17.6303
3.0766	2.6356	2.1896	2.0697	1.9885	1.7772	1.6091	1.5632	1.4956	1.3595	1.2346	1.2003	1.0693	0.9529	0.8897	0.8506	0.8176	0.7604	0.7500	0.7638	0.8648	0.8897	0.9187	1.0285	1.1593	1.2795	1.3437	1.5223	1.6951	1.6845	1.8229	2.0856	2.1960	2.2778	2.5250	2.7592	2.8212	2.9330	3.2034	3.4268	3.4247	3.7567	4.1311	4.4747	5.1412	6.0075	6.6976	6.8797	7.3926	7.3929	9.5336	8.9092	11.0917	11.4670	12.7235	14.4689	15.4707	17.5072	3.4127	2.8044	2.4627	2.6367	2.3957	2.0645	1.9581	2.1246	1.8469	1.6947	1.7138	1.8163	1.6036	1.4751	1.7880	1.7316	1.3701	1.5634	1.8156	1.6780	1.4827	1.8216	1.9235	1.7276	1.8035	2.0619	2.1694	1.9575	2.2117	2.4428	2.2865	2.3720	2.6973	2.8495	2.7151	2.9965	3.2698	3.2206	3.3027	3.7079	3.7505	3.8741	4.2897	4.8175	5.3057	6.1042	6.9786	7.2273	7.5183	7.4401	9.5403	9.1676	11.4631	11.7623	13.5649	14.5975	15.5015	18.3272
3.1847	2.7291	2.4420	2.3128	2.1308	2.0723	1.8063	1.6674	1.5963	1.5538	1.4440	1.2911	1.2208	1.0935	1.0060	0.9034	0.8520	0.8296	0.7692	0.7500	0.7691	0.8863	0.8928	0.8975	1.0430	1.2054	1.2312	1.3229	1.5782	1.6806	1.7345	1.9341	2.1216	2.2412	2.3730	2.6494	2.7626	2.8567	3.0775	3.2966	3.4286	3.6374	4.0553	4.3846	4.9852	5.8973	6.3926	6.9755	7.7420	7.7075	9.6479	8.8733	10.9324	11.7706	13.1504	14.6306	15.9124	17.1666	3.5550	3.3348	2.7759	2.9722	2.9178	2.4670	2.2695	2.3591	2.1652	1.9127	2.0641	2.1511	1.7868	1.5914	1.8116	1.8211	1.4750	1.4739	1.8446	1.5810	1.4358	1.6965	1.7692	1.5064	1.7051	1.9633	1.8286	1.7971	2.1619	2.2556	2.1120	2.3084	2.7011	2.7489	2.6769	3.0893	3.2128	3.1823	3.3043	3.7019	3.8963	3.9221	4.2925	4.9357	5.3864	6.0788	7.0010	7.2443	7.6316	7.6777	9.6745	8.9456	11.2635	11.1080	12.9514	14.4095	15.4048	17.0943
3.6208	3.3395	3.0441	2.8771	2.4529	2.4116	2.3343	2.0739	1.9471	1.8493	1.7905	1.5691	1.4120	1.3032	1.2041	1.0529	0.9518	0.9389	0.8879	0.7774	0.7500	0.7810	0.9315	0.9592	0.9532	1.0884	1.2278	1.3210	1.4514	1.6837	1.8684	1.9360	2.1207	2.2477	2.4179	2.6174	2.8382	2.8953	3.1821	3.3666	3.4949	3.6286	4.0562	4.5711	5.1439	5.8302	6.8546	7.0265	7.5869	7.7337	9.9082	8.8532	11.1534	11.5658	13.0093	14.8104	15.8084	17.9717	4.3405	3.7318	3.3968	3.6193	3.2689	2.9027	2.6836	2.7511	2.6332	2.2561	2.4034	2.3756	2.1096	1.7894	1.9659	1.9478	1.6134	1.7709	1.9867	1.6106	1.4880	1.9058	1.8982	1.5637	1.9161	2.2142	2.0557	1.9651	2.3824	2.6514	2.3800	2.6156	2.9787	3.1018	2.8641	3.2453	3.5782	3.4152	3.6449	4.0456	4.0342	4.0836	4.5511	4.9709	5.4484	6.0938	7.1137	7.0970	7.6421	7.6995	9.8646	8.8784	11.6842	11.1009	13.3345	14.2912	15.0541	16.8270
3.7375	3.2919	2.8924	2.8354	2.6578	2.3465	2.2707	2.1766	1.9732	1.7608	1.7775	1.6458	1.4951	1.3452	1.2899	1.1453	1.0059	0.9088	0.9047	0.8488	0.7697	0.7500	0.7655	0.8691	0.9098	0.9395	1.0604	1.2095	1.2416	1.3837	1.5480	1.6861	1.7543	1.9077	2.1148	2.3333	2.3839	2.5148	2.8303	3.0444	3.1056	3.4631	3.7016	4.1280	4.8992	5.7744	6.7535	6.8034	7.2913	7.5140	9.8349	9.0126	10.8436	11.4039	12.5055	14.5286	15.4776	18.3065	4.0622	3.6952	3.1745	3.1359	3.0405	2.6617	2.5171	2.4712	2.4057	2.1218	2.0863	2.1976	1.8818	1.7819	1.9149	1.8446	1.5147	1.6441	1.9359	1.6296	1.4730	1.8376	1.9160	1.6301	1.8743	2.1485	2.0571	1.9001	2.3303	2.4434	2.2098	2.4031	2.6735	2.7807	2.5680	2.9912	3.2987	3.1365	3.2131	3.7543	3.7279	3.7191	4.2675	4.6995	5.2804	6.1763	6.9525	7.1111	7.4903	7.6367	9.8779	9.2253	11.5289	11.3939	13.3128	14.3326	15.6249	17.9816
3.8149	3.5573	3.0779	2.8934	2.8655	2.7267	2.3345	2.3038	2.2423	1.9655	1.8201	1.7796	1.7096	1.4811	1.3948	1.3282	1.1759	1.0082	0.9677	0.9068	0.8640	0.7738	0.7500	0.7730	0.8805	0.9365	0.9097	1.0588	1.2279	1.3325	1.3964	1.5562	1.7576	1.7802	1.9542	2.2577	2.3661	2.3577	2.6684	2.9285	3.0198	3.2887	3.6757	4.0063	4.6269	5.6055	6.3423	6.4480	7.1770	7.1397	9.0913	8.8113	10.6166	11.6698	13.0877	14.3661	15.4278	18.2773	4.0221	3.8227	3.3086	3.4284	3.3369	3.0770	2.7855	2.9989	2.7099	2.2369	2.4492	2.4707	2.2316	2.0211	2.2230	2.1837	1.6788	1.8116	2.1709	1.7947	1.4950	1.9028	1.8841	1.5755	1.6535	1.9784	1.8668	1.6975	1.9522	2.0802	1.9425	1.9770	2.3831	2.3201	2.2320	2.6498	2.7662	2.8380	2.9412	3.2723	3.4562	3.4351	3.8277	4.4867	4.9049	5.8401	6.6674	6.6118	7.4043	7.2853	9.4857	8.9403	11.2086	11.6149	13.4868	15.1173	15.6370	18.8423
3.8720	3.6907	3.2239	3.0495	2.9494	2.7484	2.5626	2.3447	2.2101	2.1351	1.9998	1.7780	1.7327	1.5648	1.4128	1.3544	1.2488	1.1204	1.0305	0.9611	0.8544	0.8376	0.7703	0.7500	0.7640	0.8638	0.8973	0.9413	1.0305	1.2284	1.2891	1.2947	1.5637	1.6729	1.7091	1.8977	2.1138	2.2878	2.3940	2.5911	2.7787	2.9385	3.3362	3.7846	4.5069	5.4588	6.4620	6.6481	7.2184	7.2888	9.1010	8.6750	10.5799	10.9298	12.4389	14.3883	16.0785	18.4527	4.3405	4.0436	3.4677	3.6177	3.5488	3.1820	2.9879	3.0282	2.6692	2.4372	2.5756	2.6260	2.2777	1.9504	2.2348	2.0609	1.7146	1.7086	1.9245	1.6562	1.4660	1.7262	1.7458	1.5223	1.5231	1.8006	1.6264	1.6036	1.8669	2.0162	1.8573	1.9730	2.4644	2.3532	2.2241	2.7350	2.9112	2.7150	2.9911	3.3496	3.4233	3.4380	3.8553	4.5237	5.0361	5.7801	6.6615	6.8474	7.1399	7.3217	9.0259	8.5680	10.4055	10.4304	11.9124	13.6993	14.4963	17.9015
3.8431	3.5508	3.2087	3.1550	2.9781	2.7337	2.6660	2.4534	2.2755	2.1540	2.1345	1.8686	1.7211	1.6816	1.5735	1.4316	1.2836	1.2157	1.1141	0.9817	0.9201	0.8636	0.8374	0.7658	0.7500	0.7627	0.8557	0.8845	0.8961	1.0645	1.2047	1.2321	1.3525	1.5314	1.6532	1.7841	1.8951	2.0704	2.3324	2.4723	2.6185	2.9274	3.1676	3.5565	4.3745	5.2448	6.5668	6.4363	6.8156	7.1567	9.2473	8.4773	10.6616	11.0030	12.3397	14.4488	15.5018	19.7107	4.3033	3.9216	3.5186	3.5618	3.4604	3.1614	2.9950	2.9658	2.7745	2.5635	2.4879	2.5968	2.3514	2.1050	2.2292	2.0508	1.7501	1.7755	2.0399	1.6369	1.4256	1.7530	1.7081	1.4614	1.6751	1.8437	1.6774	1.5819	1.8873	2.0350	1.8239	2.0152	2.3878	2.4613	2.2991	2.7066	2.8189	2.7186	2.9546	3.4092	3.3519	3.4619	3.9634	4.2978	4.9055	5.7305	6.6944	6.7326	7.2006	7.5422	9.4655	9.0522	11.6065	11.3517	13.6643	14.0866	15.4968	18.9246
4.2091	3.8760	3.4796	3.3758	3.3243	3.0199	2.7889	2.6983	2.5853	2.4077	2.2951	2.1587	2.0001	1.7820	1.7526	1.6568	1.4682	1.3336	1.2880	1.1570	1.0050	0.9280	0.9140	0.8575	0.7643	0.7500	0.7670	0.8610	0.8886	0.9282	1.0430	1.1633	1.2617	1.3561	1.5230	1.6933	1.7302	1.8525	2.1660	2.4192	2.4261	2.7920	3.1424	3.5347	4.1948	5.2765	6.1551	6.3601	6.4779	7.0020	8.9190	8.5609	10.6326	11.2336	12.7284	14.3390	14.8351	18.5551	4.3292	4.0286	3.6659	3.7275	3.5452	3.2441	3.0466	3.0157	2.8440	2.6681	2.7354	2.5867	2.3299	2.2447	2.3768	2.1410	1.8502	2.0400	2.1376	1.8534	1.6586	2.1292	2.0132	1.6441	1.8665	2.1201	1.9054	1.7238	2.1038	2.2545	1.8636	1.9866	2.3899	2.5238	2.1229	2.5255	2.8014	2.5399	2.6936	3.1804	3.2562	3.1308	3.6648	4.2350	4.6851	5.4957	6.5028	6.4958	6.8431	7.1929	9.1484	8.6037	11.2723	11.4965	12.6065	13.5933	15.4830	18.0462
4.4587	4.1225	3.7381	3.4869	3.3770	3.2110	3.0075	2.8552	2.7501	2.5840	2.4643	2.2404	2.1813	1.9555	1.8333	1.7324	1.6223	1.4642	1.3424	1.2585	1.1286	1.0088	0.9046	0.8907	0.8237	0.7683	0.7500	0.7638	0.8576	0.9105	0.8859	1.0406	1.1475	1.2323	1.3063	1.5256	1.6525	1.6887	1.9786	2.2572	2.2781	2.5162	2.9523	3.2996	3.9724	5.1269	5.9784	6.1591	6.6937	6.9276	9.0698	8.3113	11.1027	10.8786	13.4236	14.2638	15.3156	18.9230	4.7851	4.4278	4.0506	3.9684	3.7454	3.6060	3.3522	3.4152	3.1975	2.9772	2.9625	2.8545	2.5572	2.4514	2.5436	2.3586	2.0310	2.1568	2.3432	1.9470	1.7080	2.0245	1.9139	1.6451	1.7086	1.9030	1.6591	1.5771	1.7594	1.8694	1.5577	1.7239	1.9988	1.9318	1.8019	2.2010	2.3279	2.2185	2.4576	2.9759	2.9068	3.0067	3.5272	3.9411	4.5350	5.2331	6.3604	6.3792	6.9778	7.3977	9.2159	8.4399	11.1992	10.4174	11.6312	13.5266	14.6056	18.4792
4.4169	4.2853	3.9404	3.7413	3.5670	3.4062	3.3476	3.0018	2.8747	2.8037	2.5711	2.3609	2.2863	2.1165	2.0173	1.7946	1.7458	1.6464	1.4352	1.3121	1.2597	1.1463	1.0253	0.9206	0.8906	0.8303	0.7681	0.7500	0.7653	0.9085	0.9152	0.8930	1.0446	1.2223	1.3101	1.3640	1.6290	1.7582	1.8522	2.0890	2.3025	2.5543	2.8154	3.2938	4.1388	5.1226	6.1896	6.3204	6.7135	6.7156	8.7633	8.1767	10.2512	10.1969	12.4258	13.8142	15.7617	18.8054	4.9714	4.5825	4.1145	4.2025	4.1195	3.7601	3.6680	3.6140	3.4395	3.1165	3.1455	3.1108	2.9042	2.6980	2.9186	2.6132	2.2891	2.4085	2.5073	2.0542	1.8146	2.2126	2.0488	1.6586	1.9272	2.0587	1.7240	1.7886	1.9147	1.8954	1.6750	1.8428	2.2073	2.1491	2.0214	2.4826	2.6400	2.5167	2.7064	3.1962	3.1111	3.2664	3.7211	4.2055	4.8120	5.6109	6.3752	6.5172	6.9311	7.3348	8.9898	8.7563	10.9621	10.7382	12.4514	13.9924	15.8219	19.4233
4.5103	4.1735	3.7276	3.7189	3.5249	3.3064	3.2059	3.0976	2.9161	2.7555	2.6672	2.4658	2.3345	2.2248	2.1669	1.8446	1.7319	1.6978	1.6136	1.3798	1.2996	1.2370	1.0985	1.0194	0.8804	0.8821	0.8230	0.7691	0.7500	0.7664	0.8564	0.8831	0.9153	1.0707	1.2065	1.3228	1.3818	1.5625	1.7499	1.9258	2.0707	2.3433	2.6762	3.2408	4.0403	4.9938	6.2483	6.2417	6.2935	6.7312	8.8978	8.3728	10.6783	11.0573	12.9720	14.6434	15.4918	18.8736	4.8415	4.6378	3.9615	3.9638	3.9280	3.5853	3.4321	3.3697	3.2789	3.0288	2.9519	2.9159	2.6907	2.5061	2.5084	2.3633	2.1028	2.1597	2.3010	1.9783	1.8930	2.0954	1.9375	1.5991	1.7749	2.0085	1.7014	1.5816	1.9910	2.0150	1.5966	1.8265	2.2294	2.1032	1.9175	2.4825	2.7016	2.4661	2.6111	3.2136	3.0742	3.1356	3.7413	4.1895	4.7409	5.5583	6.3019	6.3714	6.6809	7.1335	8.9150	8.5292	11.5266	11.2971	13.4871	14.1011	15.9883	17.9156
5.0086	4.4666	4.0183	3.8410	3.8211	3.7275	3.3822	3.2675	3.1846	3.0068	2.8530	2.6510	2.6481	2.3406	2.3037	2.1562	1.9181	1.8307	1.6981	1.6021	1.3828	1.2964	1.2804	1.1722	1.0040	0.9093	0.8553	0.8304	0.7745	0.7500	0.7604	0.8374	0.9218	0.9237	1.0644	1.2454	1.3360	1.4020	1.6163	1.8453	1.8686	2.1212	2.5280	3.0150	3.6723	4.7301	5.5764	5.4717	5.9176	6.0683	8.5820	7.8781	10.4561	11.1873	12.8360	14.8352	14.9047	18.2755	4.9679	4.6415	4.1900	4.2084	4.1314	3.9824	3.7039	3.6443	3.4348	3.2029	3.3627	3.1761	2.9398	2.8005	3.0570	2.5942	2.2584	2.4801	2.5043	2.3014	2.0266	2.3290	2.2293	1.7573	1.9666	2.1303	1.8514	1.6573	1.9340	1.8233	1.5825	1.6709	2.0672	2.0452	1.7366	2.1474	2.3563	2.1159	2.1106	2.6371	2.6167	2.5502	3.0128	3.5233	4.2241	4.9358	5.6272	5.7294	6.2531	6.1067	8.8001	7.8846	10.0991	10.2800	11.7466	12.6756	14.1650	16.3524
5.0095	4.5586	4.0292	3.8305	3.7391	3.5806	3.3773	3.2989	3.1780	2.9760	2.8939	2.7242	2.6012	2.3671	2.2811	2.1522	2.0265	1.9179	1.7496	1.6745	1.5860	1.3619	1.3072	1.1777	1.0732	0.9540	0.8635	0.8369	0.8021	0.7671	0.7500	0.7605	0.8484	0.8525	0.8713	1.0013	1.1956	1.2188	1.2850	1.6186	1.7016	1.8527	2.1937	2.7574	3.4602	4.7795	5.8276	5.8375	6.2103	6.0894	8.5126	7.7586	10.7145	10.8453	13.8200	15.7069	16.6325	19.4764	5.3257	4.7312	4.2087	4.2669	4.0997	3.9360	3.7047	3.7581	3.5456	3.2902	3.3611	3.2751	3.0095	2.8300	2.9590	2.7075	2.4217	2.5027	2.6367	2.2603	2.0903	2.2441	2.0926	1.7259	1.7751	1.9381	1.7004	1.4669	1.6792	1.6941	1.4640	1.4354	1.7703	1.6352	1.5739	1.8870	2.0693	1.9051	1.9947	2.5612	2.4543	2.5525	3.1432	3.6671	4.3197	5.2236	6.0908	5.9887	6.4700	6.2240	8.4239	8.2947	10.2172	10.1455	12.3316	13.1850	14.4569	18.2092
5.1484	4.7985	4.2848	4.1968	4.0871	3.9290	3.8189	3.6078	3.4327	3.3808	3.2543	3.0311	2.8491	2.7093	2.5267	2.3156	2.2453	2.2382	1.9602	1.8384	1.7495	1.6089	1.4161	1.2803	1.1886	1.0941	0.9637	0.8650	0.8322	0.8241	0.7610	0.7500	0.7628	0.8835	0.8611	0.8901	1.0437	1.1767	1.2756	1.4509	1.6499	1.8995	2.0800	2.6130	3.5770	4.4666	6.0762	5.9864	6.1166	6.3185	8.2950	7.7424	9.5291	10.7771	11.8708	14.2084	15.3638	19.0832	5.5050	5.1245	4.4991	4.4839	4.5393	4.1751	4.0589	4.0017	3.8994	3.5851	3.6541	3.5602	3.2411	3.0887	3.0636	2.9623	2.6842	2.5687	2.7704	2.3962	2.2429	2.3489	2.1722	1.7444	1.8585	1.9849	1.6143	1.5016	1.6464	1.6802	1.3466	1.5068	1.7497	1.7219	1.5698	1.9254	2.1282	1.9417	2.1498	2.6519	2.6271	2.7527	3.1545	3.7124	4.3631	5.1872	5.9553	6.4051	6.3456	6.8033	8.8539	8.5113	10.5513	11.2444	12.8511	14.7725	15.8739	19.7645
5.6542	5.2487	4.6714	4.4997	4.4971	4.3593	3.9410	3.9371	3.7744	3.5283	3.4478	3.3486	3.1677	2.8632	2.8384	2.6829	2.4273	2.3554	2.2819	2.0164	1.8787	1.7913	1.6909	1.4811	1.3670	1.3017	1.1384	1.0167	0.9235	0.8991	0.8663	0.7626	0.7500	0.7729	0.8812	0.9595	0.9672	1.1179	1.3017	1.5383	1.5900	1.9048	2.1478	2.8103	3.4887	4.5711	6.0983	5.9372	6.3254	6.6015	8.6949	8.7247	10.6395	11.2802	12.7234	14.6490	15.9889	19.6339	5.6474	5.2376	4.9092	4.6811	4.5334	4.4529	4.2835	4.1473	3.9222	3.7328	3.7455	3.5606	3.4082	3.2210	3.2297	2.9944	2.6767	2.8297	2.8176	2.5101	2.3622	2.5216	2.3206	1.9430	2.1538	2.2447	1.9136	1.7694	2.1960	2.0670	1.5867	1.9232	2.2387	2.1813	1.7756	2.4426	2.6180	2.1964	2.3720	2.9800	2.9857	2.9201	3.3739	4.0857	4.5011	5.4366	6.2206	6.3000	6.5980	6.4790	8.8571	8.8507	10.9219	11.5299	12.9705	14.6976	15.9826	18.9694
5.9168	5.3512	4.8573	4.8057	4.6505	4.4954	4.1500	4.1286	3.9283	3.6597	3.5664	3.4738	3.3344	3.0487	2.9549	2.8372	2.5983	2.3700	2.3765	2.2963	2.0517	1.8980	1.8204	1.6469	1.4379	1.3653	1.2047	1.1263	1.0047	0.9045	0.8515	0.8062	0.7682	0.7500	0.7606	0.8791	0.9184	0.9430	1.0822	1.3237	1.3663	1.4997	1.9939	2.6501	3.3319	4.9258	5.9924	5.8529	6.2108	6.0572	8.7909	9.1185	10.4757	11.2842	12.3376	15.7059	16.7437	20.2958	5.8389	5.3984	4.9584	5.0805	4.9989	4.7219	4.3877	4.4031	4.2007	3.9007	3.9623	3.8856	3.5936	3.4344	3.5156	3.3216	2.9043	2.9853	3.1603	2.8489	2.5931	2.6928	2.5417	2.1284	2.3138	2.4530	1.9455	1.7667	2.0371	2.0036	1.6642	1.6562	2.0850	1.8360	1.6309	2.0538	2.2696	1.8725	2.0600	2.4655	2.3948	2.3995	2.9748	3.5327	4.1453	5.0785	6.0397	5.7976	6.3221	6.2294	8.8824	8.9010	10.1582	10.3515	11.3435	13.2788	14.4734	17.8163
6.2958	5.7033	5.2374	4.9742	4.8406	4.8141	4.5648	4.2947	4.2213	3.9651	3.7578	3.6643	3.5294	3.2565	3.2017	2.9929	2.8068	2.6548	2.4695	2.4115	2.2795	2.0059	1.8720	1.7672	1.6614	1.4612	1.2760	1.2415	1.1307	0.9817	0.8786	0.8782	0.8403	0.7683	0.7500	0.7605	0.8902	0.8991	0.9402	1.1907	1.3159	1.5223	1.8328	2.8760	3.4916	4.4974	6.0904	6.2724	6.1451	5.9829	8.3326	8.7903	10.9332	11.1434	12.4337	13.9303	15.9141	19.7706	6.5693	5.8130	5.4159	5.2833	5.1908	5.0018	4.8803	4.6196	4.5192	4.1658	4.2585	4.0575	3.7348	3.6306	3.7190	3.4599	3.1798	3.3039	3.2808	2.9926	2.9022	2.9553	2.7771	2.2546	2.4942	2.7574	2.1392	1.8969	2.1514	2.0466	1.7055	1.7539	2.1229	1.7940	1.9124	2.1791	2.2037	1.9357	2.2152	2.6941	2.4942	2.7727	3.1563	3.7415	4.4366	5.0530	6.2746	6.0293	6.4437	6.6750	8.5351	8.9657	10.7621	11.3669	13.8034	15.8927	16.7160	19.9747
6.6484	6.0134	5.6554	5.5543	5.1458	5.0650	4.6719	4.5798	4.3983	4.1707	3.9737	3.7010	3.6093	3.4007	3.3158	3.0904	2.9456	2.8424	2.6792	2.5695	2.4206	2.2133	2.0157	1.8138	1.8072	1.6797	1.4941	1.3765	1.3138	1.1789	1.0412	0.9037	0.8819	0.8727	0.7652	0.7500	0.7700	0.8769	0.9594	1.0641	1.2249	1.4630	1.7132	2.4684	3.4577	4.4886	5.9217	6.3226	6.6458	6.4170	8.9832	9.0173	11.0968	11.2993	13.1592	14.8443	15.9975	19.6539	6.9675	6.5150	5.8969	5.7687	5.5402	5.2732	4.9707	4.7537	4.6314	4.4929	4.2259	4.0786	3.9310	3.6889	3.6313	3.5245	3.2649	3.2335	3.2410	3.0165	2.7946	2.7506	2.6989	2.2718	2.4082	2.4305	2.0955	1.9350	2.2208	2.1204	1.6032	1.8217	2.1589	1.9701	1.7020	2.1119	2.3493	1.8921	2.2810	2.9882	2.7862	2.7824	3.4547	4.1022	4.5767	5.5932	6.7720	6.6522	6.9862	6.7990	9.0160	9.2290	11.2262	12.4206	13.8138	15.5430	16.6156	19.0927
6.9830	6.3705	5.9022	5.7444	5.8135	5.5672	5.0243	4.9985	4.9170	4.4790	4.2012	4.2108	4.0280	3.7250	3.6813	3.5766	3.2895	3.0562	3.1464	2.9560	2.6891	2.5237	2.5087	2.1515	1.9893	1.9927	1.7309	1.5762	1.4416	1.3772	1.2451	1.0219	0.9730	0.9194	0.8524	0.7720	0.7500	0.7841	0.9272	1.0591	1.0964	1.3316	1.6121	2.2733	3.3282	4.8476	5.7435	6.1233	6.3359	6.6140	9.2953	9.1764	10.6800	11.1763	12.4752	15.6016	16.3242	19.4258	6.7457	6.2441	6.0373	6.0250	5.7288	5.5196	5.4323	5.2070	4.8561	4.6408	4.7958	4.5088	4.0744	4.0416	4.0608	3.7332	3.4903	3.7270	3.6687	3.3245	3.1899	3.3355	3.0257	2.5093	2.8031	2.8500	2.4780	2.1987	2.6140	2.6777	1.9641	2.2789	2.7487	2.3012	1.9000	2.5350	2.5717	1.9942	2.1055	3.0189	2.6730	2.5613	3.1689	3.8927	4.3131	5.0710	6.5499	6.1144	6.4910	6.2084	9.1757	8.6846	10.5522	10.8213	11.5821	14.0603	15.7608	18.2774
7.3735	7.1580	6.3802	6.3184	6.1897	6.0594	5.5169	5.4501	5.2703	4.9920	4.7804	4.5847	4.3698	4.0420	4.0702	3.8344	3.6140	3.3872	3.3316	3.1495	2.9866	2.7598	2.6095	2.3820	2.2582	2.0880	1.8998	1.7774	1.5698	1.4341	1.3295	1.1183	1.0816	0.9478	0.8760	0.8461	0.7733	0.7500	0.7735	0.9419	0.9780	1.1057	1.4816	2.2391	3.0766	4.3648	6.2469	6.3256	6.4564	7.1533	8.8800	9.3350	11.3493	10.7593	13.0448	15.4146	16.2253	19.6109	7.6465	7.1955	6.6030	6.7241	6.3412	6.3792	5.8940	5.7591	5.5710	5.2599	5.1931	4.9832	4.6348	4.4016	4.5335	4.1390	3.9218	4.0003	4.0154	3.6199	3.5448	3.6002	3.1990	2.9150	3.1087	3.1839	2.6741	2.4900	2.8465	2.5253	2.1378	2.1380	2.4272	2.1621	1.8873	2.3112	2.3619	2.2086	2.1873	2.7304	2.4238	2.5266	3.0892	3.6573	4.2435	5.0111	6.6324	6.6512	6.6464	7.0221	9.3820	9.2155	11.2514	10.8196	12.4212	14.4309	15.8200	18.9655
7.4828	7.3645	6.7907	6.6657	6.4554	6.3449	5.9083	5.7495	5.5046	5.1640	5.0118	4.7954	4.4762	4.2690	4.1584	3.9449	3.8334	3.6634	3.4891	3.4035	3.2294	2.9151	2.6383	2.5832	2.5160	2.2129	2.0076	1.9848	1.8765	1.6009	1.4454	1.3342	1.2003	1.1004	0.9612	0.9024	0.8957	0.7772	0.7500	0.7890	0.9954	1.0426	1.2210	1.8513	3.0613	3.7122	5.8379	6.3565	5.7560	6.1982	8.3095	8.5518	10.7440	11.1160	12.2948	15.5896	16.8976	20.9153	7.9883	7.5468	6.9791	7.0345	6.8192	6.5537	6.2494	6.2263	5.9059	5.5270	5.3925	5.2475	5.0719	4.6382	4.7254	4.6675	4.1583	4.2007	4.4363	3.9661	3.5988	3.8722	3.5229	3.1201	3.2692	3.4128	2.8956	2.6422	2.8520	2.7326	2.2140	2.3578	2.5013	2.1746	1.7479	2.4604	2.3658	1.9256	2.0373	2.8027	2.4955	2.4983	3.0760	3.6744	4.2591	4.9582	6.2391	6.2940	6.4548	7.3176	8.6535	9.1532	11.5217	12.2314	13.5577	16.5050	17.7959	20.5614
8.6469	8.2642	7.8043	7.7765	7.6650	7.3818	6.8655	6.8622	6.6341	6.3034	5.9795	6.0654	5.5107	5.0842	4.9769	5.0355	4.6157	4.2210	4.5465	4.2295	3.9265	3.7594	3.5222	3.2417	3.0271	2.9162	2.6526	2.4543	2.5163	2.2211	1.8177	1.6493	1.5737	1.5108	1.1262	1.1191	1.0490	1.0126	0.7727	0.7500	0.7910	1.1181	1.2834	1.7984	3.3832	3.9982	5.8192	6.8231	6.6262	6.9627	9.2403	9.0109	10.5986	11.0110	13.1588	15.6179	16.9360	19.7587	8.5773	8.4338	8.0140	8.0311	7.7238	7.3767	7.2853	7.1383	6.6943	6.6440	6.5503	6.1735	5.5574	5.7137	5.4139	5.0781	5.0415	4.7145	4.7313	4.4414	4.1941	4.2275	3.9224	3.5643	3.9147	3.5402	3.1393	2.9660	3.4874	3.2131	2.4441	2.8172	2.9977	2.6902	2.2082	3.0828	3.0286	2.2635	2.6580	3.7504	3.0182	2.8858	3.9960	4.7129	4.8423	5.6626	7.5691	6.8080	7.2539	7.2016	9.7411	9.0840	11.4634	11.7826	13.1559	16.2354	16.8457	18.7623
9.6207	9.8850	8.7709	8.7824	8.3999	8.5835	7.6833	7.8510	7.5433	7.0041	6.6002	6.4792	6.2525	5.6595	5.5372	5.4312	5.0694	4.7660	4.8114	4.8068	4.3584	4.0806	3.9454	3.6857	3.4240	3.3220	3.1470	2.9574	2.7851	2.5532	2.2696	1.9970	1.7419	1.7910	1.4524	1.2359	1.2288	1.1048	0.9714	0.7994	0.7500	0.7991	1.2033	1.6372	3.2801	4.1346	5.5946	6.0770	6.3407	6.7784	8.7373	8.6117	10.5509	10.8255	13.7830	15.6967	15.8586	19.5974	9.2950	9.7120	8.8653	8.8318	8.5702	8.7719	8.1251	7.9813	7.6945	7.3893	7.2217	7.0234	6.3932	6.1374	6.1993	5.7154	5.4050	5.4299	5.4629	5.1986	4.8320	5.0232	4.4610	4.1492	4.4748	4.6141	3.8092	3.6161	3.9135	3.9596	3.1639	3.6134	3.7847	3.1023	2.6222	3.5911	3.2891	2.6274	2.7785	3.5997	3.1254	2.8463	3.8155	4.4769	4.8482	5.5166	7.3467	6.8911	6.9904	6.8227	8.9328	9.3006	10.9988	10.8190	12.7285	15.4001	17.1517	19.8965
11.3494	11.7200	11.2782	11.0518	10.4979	10.7986	9.9855	9.5757	9.5546	8.8153	8.4383	8.0475	7.7913	7.1349	7.2030	6.8125	6.3893	5.9051	5.7025	5.8049	5.6168	4.9465	4.6941	4.8657	4.4293	4.2832	3.8762	3.9728	3.5115	3.0799	3.0431	2.7582	2.3011	2.1614	2.0066	1.7174	1.4014	1.2164	1.2922	1.1385	0.8010	0.7500	0.8820	1.7619	2.8845	4.0275	5.8380	6.4699	6.4002	6.5237	9.6578	8.8612	10.9208	11.3180	13.4698	16.1906	17.1027	19.9762	11.6164	12.0094	11.3760	11.6261	11.0658	10.7662	10.4648	10.0192	10.0492	9.3143	9.0206	8.8452	7.9886	7.5223	7.8813	7.2292	6.8439	6.8840	6.7448	6.5427	6.4383	6.4341	5.7027	5.5054	5.7651	6.1498	5.1054	4.7899	5.2898	4.9594	4.0267	4.6650	4.6843	4.0673	3.5120	4.3077	4.0151	2.9640	3.4613	4.2016	3.2141	3.3316	4.2713	4.8776	5.0017	6.1377	7.5009	7.8772	7.7071	7.3766	9.4506	9.6492	11.5107	11.2206	14.7421	17.8110	17.6527	19.0001
13.0415	13.4375	13.1008	13.1300	12.4157	12.7776	11.9060	11.8998	11.4075	11.2894	10.6778	10.1764	9.6787	9.1367	9.5350	8.5981	8.1107	7.6899	7.4245	7.7682	6.9008	6.3517	6.1429	6.0233	5.8765	5.8141	5.2003	5.2133	4.8845	4.0399	3.9401	4.1023	3.3630	3.2261	2.6582	2.5159	2.2982	1.7493	1.6917	1.6532	1.4526	0.8153	0.7500	1.0217	2.3000	3.5974	5.1597	6.0080	6.3156	6.2233	9.7624	10.2261	11.4248	12.0831	13.7773	16.7389	17.8869	20.3299	13.8534	14.4233	13.3425	13.6717	13.2905	13.1386	12.8505	12.6139	11.8934	11.9828	11.0630	10.9368	10.3443	10.1011	10.4867	9.0768	8.9246	8.8786	8.3760	8.1601	7.2601	7.3080	7.1328	6.7777	6.4755	6.6735	5.8894	5.8792	5.8779	5.6220	4.7368	4.6931	5.3142	4.8761	3.5966	4.5201	4.5072	3.3178	3.5484	4.5675	3.8355	3.6560	4.3891	5.8126	5.4984	6.5547	8.4715	8.0020	8.0065	7.6016	9.6163	9.9272	11.4344	12.4566	14.3767	15.8771	17.4988	20.1438
16.2089	16.4097	15.2778	16.0255	15.6800	15.0885	14.6615	14.2799	14.5319	13.4801	12.9881	13.1383	12.7210	11.5036	12.0173	11.8966	10.8785	9.9750	10.2762	10.5053	9.7202	9.4216	9.5598	8.5814	7.9027	8.1875	8.1846	7.0881	7.0269	6.0544	6.0062	5.7746	5.3726	5.5949	4.2412	4.3301	4.3041	3.2603	2.4590	2.8356	2.5444	1.9493	0.9117	0.7500	1.4606	2.7412	5.2184	5.5667	6.3316	7.0722	9.2120	9.6715	11.2727	11.8409	15.2238	15.6833	17.4624	19.0811	15.5095	15.8698	15.6097	16.1905	14.3243	14.9595	14.8599	13.5944	14.1389	14.1136	13.0012	12.4395	12.3680	12.6983	11.9690	10.9518	11.1516	10.9791	10.1451	10.3673	9.6121	9.2741	8.4332	8.6237	8.7995	8.6914	7.5301	7.9349	8.6170	6.2921	6.0125	7.2548	7.8577	5.8789	5.2276	7.0342	6.5481	4.8543	5.7625	6.8962	5.0632	5.1548	7.1049	7.9282	6.9389	7.4529	9.1577	8.5596	8.2033	7.4983	9.9754	10.0335	13.1124	13.1767	16.4853	17.8025	18.8758	20.8522
21.5846	22.3044	21.7717	21.9904	20.7318	20.7639	22.0378	20.9561	20.5493	20.2182	18.9512	19.4752	19.8772	20.0049	19.1200	18.3016	18.8112	17.4805	17.2241	17.0597	17.1482	15.8612	14.5185	14.8925	14.1857	13.5818	12.6812	12.3255	11.5273	9.8120	9.6534	9.3449	9.1524	8.5985	7.9989	7.7821	6.4823	6.0109	4.5865	3.9950	3.8828	4.5559	3.4437	1.0406	0.7500	1.7064	3.7996	4.0063	4.9818	6.2517	9.5507	9.5008	12.6401	13.9410	18.1306	19.7293	20.3879	21.8689	21.6555	22.0115	21.4240	22.1054	20.1973	20.3741	21.8687	20.5069	20.1604	19.8812	18.7725	19.7269	19.3532	19.3259	18.7951	18.2100	17.9603	16.6279	16.7998	18.5023	16.5327	15.6727	14.8972	14.3728	13.7798	14.9361	13.3869	12.8141	12.9875	11.1419	10.6204	11.3411	11.6166	10.6951	9.3769	10.8785	11.2761	8.3820	9.4129	9.8192	8.0459	7.4125	9.2985	9.1356	7.1983	9.7933	10.5162	9.2722	9.2686	8.2861	10.2992	10.1391	13.0590	14.7546	18.8446	20.3530	21.0476	22.2975
24.7517	24.8411	24.1025	25.4627	24.0006	24.7119	24.7227	24.3139	23.2352	22.4354	22.3391	22.2193	22.0234	21.9913	21.6803	21.0432	21.2551	20.5188	20.3348	20.5370	19.0733	19.5785	17.5979	18.0641	17.9596	17.4094	17.1601	16.2450	16.6944	12.3732	13.6826	13.6988	12.2653	10.4202	10.8607	10.5029	9.8390	8.4885	8.5802	6.7015	5.3253	5.1537	4.7571	4.6749	1.1111	0.7500	1.7345	3.7503	5.2939	6.6839	9.6003	10.8453	13.7967	14.9276	18.9737	21.2867	22.1186	23.2096	24.5258	25.2700	24.5622	24.7123	24.3113	25.0054	24.4183	24.2653	24.2183	22.7013	22.8139	22.5111	22.6497	22.2166	22.3124	21.5038	20.8348	20.8311	20.2718	20.5693	19.1908	20.0367	18.7693	17.5847	17.4421	18.0594	17.5968	15.7690	16.6689	13.7899	14.3605	15.1993	14.4884	12.6178	11.2121	13.6355	12.7352	10.6408	11.3631	12.9716	10.5381	8.6231	12.7077	13.3308	10.9549	11.1455	13.2591	11.8137	11.1478	9.8134	11.9982	11.8104	14.7989	15.9676	18.7020	20.8967	22.0523	23.7759
24.9750	25.9296	24.1176	25.3998	25.0438	24.7448	25.2494	24.5589	24.2932	23.2902	23.1748	23.6613	22.7067	23.2147	22.2101	23.1873	21.9843	20.9590	21.0246	21.5043	20.1752	20.3164	18.8100	18.6178	17.9131	17.9431	18.4154	15.5592	17.4620	14.1526	15.6703	14.5498	14.3297	13.0278	12.0951	12.8552	12.2738	10.1414	8.6728	8.8392	7.9816	6.1522	5.3067	5.2703	3.0416	1.1226	0.7500	1.6094	3.4372	5.8407	8.6307	9.5166	13.6191	13.7794	16.6114	19.0568	20.3609	21.9423	24.6073	25.5938	24.5948	24.7303	24.1109	25.1193	25.1138	24.0162	24.7972	23.4025	22.8869	23.4025	22.7510	22.7412	21.7904	22.4064	22.0741	20.7900	21.4110	21.0099	19.7307	20.3210	18.0236	18.5195	18.8540	18.4148	17.1622	15.9713	18.3918	13.8649	14.7489	15.3917	15.2006	13.0468	11.8712	14.4439	12.3605	10.8873	10.9135	11.3595	9.8845	9.0414	11.8129	12.4849	10.5212	10.3264	12.9953	11.1412	9.9045	9.1586	10.6715	11.9013	14.3176	15.7220	17.9184	20.5381	21.1716	22.6986
25.6509	27.2062	25.7491	25.9423	25.7264	26.1499	26.4816	25.6237	25.8257	24.3128	24.4370	23.9451	24.6441	24.8306	23.3483	24.1324	23.4543	23.1437	23.3862	22.5485	22.5026	22.7599	20.3482	20.6859	20.1631	19.9133	19.2941	17.7771	18.1130	15.1714	16.4760	15.4860	15.9687	14.3158	13.3729	13.8917	14.2584	12.7725	10.0442	10.1821	9.1910	8.6112	7.5732	6.7572	6.2359	3.3765	1.2534	0.7500	1.8695	4.3097	6.5924	8.7364	11.3242	13.4499	16.1555	18.4669	21.3082	22.1702	25.6114	26.1547	25.6408	26.4474	25.5441	25.8548	26.1237	25.3714	25.5435	23.7242	24.5061	23.9742	24.0227	23.7440	23.1356	23.2595	22.4966	22.7072	22.1752	22.6467	21.5375	22.5185	20.0924	19.8991	19.7018	21.1393	19.8223	17.8682	19.9422	17.0548	16.6219	16.5406	17.1876	15.1347	14.8512	15.6332	15.2528	13.4193	14.1975	15.2063	11.4420	11.8911	14.7304	13.3046	12.3291	11.6982	13.4082	10.2212	10.3189	9.5645	11.0903	11.6862	14.9271	16.8392	19.6672	21.3558	22.9015	23.9648
27.7327	28.0582	27.0327	28.2436	27.8905	28.2818	28.1033	27.7670	27.3995	26.7792	27.1957	27.1412	26.7334	26.3740	25.8205	26.3709	26.1556	25.1573	25.6066	24.7393	25.4405	25.0567	24.0908	23.6391	23.6223	22.7259	22.7016	22.3441	21.9951	20.5045	21.2714	19.3451	17.8809	16.9469	17.2514	16.4707	16.1490	15.1590	14.2751	12.1441	11.5620	11.0109	11.4198	8.7880	7.2209	5.9689	4.0577	1.7662	0.7500	1.5837	3.1804	5.6393	7.6152	10.5116	14.3390	17.2215	19.1981	23.5021	27.5717	28.2600	26.9886	27.6384	28.0293	28.4179	27.4771	27.2434	27.2655	26.9781	26.9529	26.8711	26.6048	25.9904	25.1231	25.9732	25.9627	24.6055	24.7412	24.9592	24.5732	24.5589	23.8307	23.6181	23.2064	23.1400	22.8415	21.8736	22.1247	21.0634	21.6112	20.4714	19.9869	19.6416	18.7283	18.3737	18.1948	16.1745	16.2364	16.8552	12.6007	13.1230	15.2829	13.1412	11.0368	12.6270	13.1170	10.6811	10.5626	10.1403	11.5959	12.5102	15.5150	17.5677	21.2997	22.5351	23.4376	25.8647
26.2632	27.1099	26.8574	27.0794	26.4929	26.6074	27.3435	26.6679	26.1469	25.9571	26.1059	25.3526	25.3739	25.9010	24.4370	25.2863	24.5419	24.5011	24.1011	22.8302	23.3681	23.3194	21.6305	22.1457	22.4281	21.6843	20.0023	20.0481	20.9438	17.0809	19.1118	18.7687	17.1958	16.9117	15.3837	15.2550	14.6480	13.7770	12.3442	13.0013	11.0731	9.2801	10.5679	9.8527	7.8269	6.1588	5.8777	3.8748	1.4698	0.7500	1.8033	3.3931	5.0391	6.7899	8.1783	11.4901	13.5977	16.2637	26.4307	27.8534	26.8231	26.4589	26.5482	27.1564	26.6080	26.3234	26.4337	26.0215	25.5340	25.3988	25.3565	25.0160	24.3406	25.2372	23.6179	23.3835	24.1602	23.5678	22.4668	23.3353	21.6048	21.6058	21.6517	21.2655	20.5763	18.9071	20.2853	17.9467	18.9501	18.7790	17.5955	17.7313	17.0352	17.0841	15.7480	14.5785	14.4689	14.9478	11.9000	11.2625	12.9671	12.6148	10.6134	10.3397	11.9240	10.2556	9.4739	6.7448	10.5432	11.3273	12.8052	14.6040	18.9455	20.2760	22.7912	24.5261
26.7773	26.9654	26.6249	27.2875	26.4971	26.2865	26.7653	26.2741	25.8914	25.5322	25.7189	26.0035	25.8429	25.7330	25.2172	25.2253	24.4927	24.6139	24.5732	24.2704	23.5387	24.3067	22.9980	22.1804	22.6293	22.5208	21.2840	21.0094	21.1520	19.6722	19.3291	19.0407	18.3502	16.8457	16.1441	16.8324	15.5527	13.9562	13.7563	14.8177	12.3085	10.5526	12.4531	11.8082	9.5392	8.0044	8.1924	5.2795	3.1891	1.0960	0.7500	1.6100	2.7642	3.9636	5.9223	7.9242	10.2535	13.5555	26.1347	27.4115	26.4545	26.7013	26.2693	26.5418	25.9344	25.7640	26.2948	25.3469	24.9868	25.3746	25.3017	24.8501	24.3223	24.5211	24.0486	23.3470	23.5590	23.5036	23.6319	22.9438	22.2813	21.3670	21.2923	20.4238	20.4597	20.1065	19.7645	17.0758	18.1157	18.5175	17.1118	16.3577	15.9406	16.1900	14.5061	13.6628	13.5326	14.5430	12.3201	11.1297	13.2889	12.6251	11.1342	11.2215	12.1802	11.2107	10.3360	9.4741	10.8610	11.4675	13.9461	16.2892	18.0905	21.0926	23.0784	25.1898
26.8770	27.5649	27.2293	26.8634	26.1407	27.3849	26.7555	26.6120	26.2955	25.4167	25.9720	25.9795	25.8621	25.4271	25.3724	25.2724	24.3599	24.3304	24.9230	23.8119	23.6639	24.0842	22.7217	22.1256	22.6555	21.6378	21.0223	20.8618	21.0899	17.3486	18.9148	18.5874	18.1477	18.9069	14.5387	18.3328	17.1110	14.9610	13.9766	14.8267	13.6478	10.7003	12.9139	11.3075	10.6668	8.2058	8.9514	7.2423	4.3825	2.8884	1.2499	0.7500	1.6134	2.9860	4.4806	6.1678	7.7811	10.2076	27.0522	27.4456	27.0622	26.3567	25.8866	27.0223	25.9726	26.0241	25.8036	24.8767	25.4866	25.0615	25.7025	24.8234	24.4162	24.8008	23.8223	23.9129	23.7743	23.7584	22.3770	23.3821	21.5923	21.0678	22.3649	20.5810	20.2406	21.4705	20.4841	17.3777	18.5195	18.8226	17.2962	17.0491	16.9796	18.0918	14.3279	13.7568	14.6779	15.1032	12.3983	13.0859	14.7794	13.3635	11.6003	12.3473	14.4566	12.7155	11.3095	11.5569	13.1223	12.2914	15.2770	15.6421	19.0820	20.5287	22.9787	25.8574
27.6001	27.0731	26.5523	26.9540	26.9346	26.7366	26.7629	27.0682	25.8722	25.3345	26.5178	26.6894	25.7131	26.1350	25.8936	25.6219	24.7491	24.8770	25.1578	25.2523	23.5469	24.3553	23.3234	20.9259	22.1117	21.8721	21.2353	19.6433	19.7185	18.1658	18.6604	17.0884	18.5028	18.0066	14.9909	16.1135	16.2360	14.4783	14.9073	14.7783	12.7100	12.1373	14.0775	13.2787	10.5215	10.1043	11.3606	8.4995	6.0515	4.2399	3.2722	1.1406	0.7500	1.4668	2.8613	4.4575	6.0370	7.4903	26.6849	27.3607	26.5321	25.9436	26.5504	26.7751	26.0254	25.9962	26.2200	25.1064	25.3243	25.5454	25.3537	25.1768	24.4349	25.0822	23.8281	23.5191	23.6243	24.1720	23.5036	22.6218	20.9377	20.8874	21.4000	19.2784	19.6544	20.1458	19.4561	17.0948	17.8105	18.7011	17.7698	16.7354	15.6115	16.9239	16.0175	15.1078	14.8190	16.1828	14.2970	12.3765	14.3672	14.0788	11.7018	12.8317	14.2604	12.5316	12.1990	11.0814	12.9366	13.0811	16.0980	16.1481	19.3820	21.3377	23.1671	25.3724
28.0384	28.5502	27.4706	27.2471	27.1342	27.9997	27.4415	27.2183	27.1543	26.3783	27.0273	27.0038	26.6484	26.2058	26.3861	25.7898	25.1174	24.8701	25.1201	24.2234	23.7079	24.1671	23.6005	21.7744	22.1592	22.9348	20.8691	20.3552	21.2205	18.7808	18.6829	17.2811	18.5273	17.2663	15.6763	16.7680	16.7322	14.6322	14.6589	15.0925	13.3111	11.8963	13.9977	13.6479	11.7969	11.0512	13.0523	11.9344	8.3157	6.1612	4.3162	2.9671	1.3387	0.7500	1.6577	3.0566	4.9585	6.2883	27.6724	27.6979	27.0865	26.7007	26.4427	27.5586	27.1738	26.5081	26.1587	25.8533	26.3896	25.7714	25.8641	25.7544	24.9364	24.5751	25.0574	24.4132	23.3424	23.7262	23.7869	23.1501	20.6433	22.0450	22.5719	20.3803	20.1358	20.6063	20.9255	18.8345	18.4540	18.7897	17.9877	16.9310	16.4389	17.1351	15.6537	14.5711	15.1266	15.9865	14.5000	13.7873	15.8925	14.5639	12.7083	14.3749	15.7800	13.2729	13.9538	13.2071	15.1238	14.7103	16.1251	16.9292	18.0416	20.8460	22.6335	26.1358
28.0798	28.4295	27.2636	27.1152	27.3733	28.0767	27.4774	26.8232	27.6345	26.4889	27.4245	27.5806	26.7275	26.1075	26.1263	26.4966	24.6037	24.8262	25.7172	25.5235	25.0213	24.9760	23.8478	22.1967	22.8791	23.3262	22.2325	21.3650	21.5935	19.7585	19.1230	17.8690	19.7415	18.2703	16.9982	17.6131	16.8541	15.6582	14.9201	15.4232	13.9291	12.2514	14.3706	14.0253	12.1161	11.7259	13.7645	12.4744	10.2526	7.7747	6.1988	4.3612	3.3026	1.4648	0.7500	1.5784	3.4439	4.8547	27.5626	28.2623	26.8118	26.7342	26.6149	27.7062	26.9520	25.9657	26.7649	25.6974	26.5722	26.0545	25.6975	25.4625	24.8245	25.2367	24.2894	24.3847	24.3331	24.7426	25.2257	23.9406	21.2952	21.6275	22.6561	21.3396	20.7171	21.3899	21.3305	18.6105	18.4984	19.5049	18.7126	17.3605	16.5258	17.9861	17.1189	14.8792	15.1383	16.4479	14.7718	13.3257	16.0364	14.6046	13.5745	14.1979	15.8905	14.7372	15.1410	14.4989	15.4430	15.3238	16.9799	17.7468	20.1033	20.7808	23.0386	25.1816
28.7677	29.1556	28.5787	28.2811	28.4254	29.1538	28.7320	28.1788	28.5080	27.7890	28.0711	28.7115	27.0918	26.6537	27.2360	27.7064	25.8403	25.7171	26.9463	26.1587	25.9631	26.0217	25.1273	23.6635	24.3525	24.2225	23.2985	21.6450	22.6494	20.8514	19.5063	19.8395	19.7589	19.6254	17.7060	18.1401	18.2074	15.9749	16.3370	17.1636	15.7893	13.3415	15.4901	16.3113	14.7617	13.4315	16.1160	15.4021	12.6075	11.2970	7.9047	5.9588	4.7886	3.4466	1.5194	0.7500	1.6848	3.1766	27.6944	28.6259	28.4194	28.0983	27.8650	28.8354	28.3331	27.4012	27.4277	27.7152	27.6622	27.3559	26.3556	26.9531	26.0097	25.6525	25.6284	25.3047	24.4333	24.9478	26.0122	24.3565	22.7573	23.8164	24.3536	22.5768	21.4684	21.7816	22.5928	19.4632	19.3493	20.2923	18.9425	18.1064	17.3586	18.6751	16.6794	15.4415	16.4008	16.9924	14.8965	15.8100	17.4821	15.6122	15.2925	15.8997	17.6406	15.8630	16.6610	17.4404	17.9757	17.3227	19.0188	18.9284	20.8231	23.0814	23.8930	26.9476
29.4451	29.8994	28.9677	29.2914	29.4739	29.8628	29.4529	29.3065	29.4055	28.5905	29.1806	29.4110	27.5648	27.8239	28.1650	28.1537	26.1941	26.4343	27.4650	27.4004	27.2537	26.8025	26.3678	24.6563	24.8997	25.2247	24.4506	22.9942	23.5509	22.1661	20.8400	20.8358	20.9986	20.2992	18.2819	18.9083	19.0770	16.2326	16.1780	17.5337	16.3639	14.3319	15.8464	17.6665	16.5335	14.5699	17.3754	16.7706	15.6111	13.8016	11.0172	8.0892	6.7975	5.2279	3.5485	1.6828	0.7500	1.6245	28.6497	29.7376	28.6808	29.0273	29.2120	29.7644	28.8002	28.4054	28.8286	28.7178	28.1655	28.3748	27.4807	27.5352	26.9867	26.5234	26.3462	25.9530	25.6306	26.3390	27.2706	25.5948	23.9527	24.1926	25.1424	23.2929	22.1800	23.4131	23.2751	21.0515	20.2111	20.8793	20.3045	19.3378	18.8489	18.5480	18.2220	15.8845	16.8360	18.5418	16.4964	16.5521	17.8583	17.0744	17.4160	17.7438	20.1193	18.9847	19.2913	18.6351	18.6538	18.5373	18.6593	20.0113	20.5472	22.7530	23.9435	26.0873
30.0000	30.6555	29.9390	30.0566	29.8740	30.2539	29.8563	29.6694	29.8513	29.3507	29.2318	29.6972	28.8292	28.7911	28.8141	28.7345	27.6005	27.4130	27.5779	27.9863	26.5749	26.8928	26.4912	25.2191	24.7450	25.6722	24.6164	22.5062	23.0834	22.5322	22.2741	20.5968	21.5508	20.0373	18.2851	19.5539	19.6777	16.9622	16.1424	19.0038	18.0836	14.9913	16.6300	19.1243	17.9018	16.2461	19.5323	19.1733	17.8070	15.4965	12.7286	10.6042	7.6314	6.7529	5.1058	3.9686	1.5838	0.7508	29.5412	30.6885	30.2806	30.0567	29.8608	30.2248	29.6213	29.3461	29.6228	29.5620	28.9377	28.6909	28.8963	29.1671	27.6481	27.1760	27.5506	26.9370	25.0302	26.8316	27.0995	25.5856	24.4838	25.1013	24.8791	23.3380	23.3938	22.8377	22.8529	21.3723	21.5485	21.5457	19.9107	19.1952	19.4720	19.8318	17.3630	16.4913	16.9756	16.9290	14.8440	17.7180	18.3979	16.5575	17.0460	18.6389	19.4396	18.1362	20.0204	19.8559	19.8656	18.7894	20.1934	21.2707	22.1405	23.2729	24.4698	27.2289
9.7511	13.2569	7.9325	10.3810	12.5413	10.9941	8.8144	11.7907	13.2233	9.6236	9.2557	12.0639	12.4437	10.2932	11.0506	14.3443	13.4862	12.3256	13.5647	14.5999	14.0777	14.8136	16.1584	15.8434	15.3984	15.5019	15.9392	15.7889	15.2671	16.7042	17.0556	16.3906	17.2698	19.0902	17.9740	18.0391	19.0533	18.6468	17.9463	19.1678	19.7266	18.9772	19.1200	20.3417	21.2628	22.2835	21.6073	21.2248	23.4413	21.5790	22.9590	21.2160	23.1808	21.7101	22.7832	23.5880	23.8917	25.0156	0.7501	2.3612	4.1426	5.4790	4.3962	4.5309	5.6502	7.2658	6.7279	6.6955	9.2005	10.4382	7.8776	11.3141	12.5231	13.9158	13.2299	14.4524	16.1403	15.6084	14.0668	17.8248	18.6701	16.1565	18.0032	18.7292	17.6009	17.0957	16.6653	18.6186	17.8561	18.5578	20.1315	19.3841	18.0686	19.6471	20.5621	19.9160	19.5165	21.7894	20.7900	18.4479	19.8742	20.3992	21.5414	20.4390	20.9866	21.8622	22.5383	22.2862	22.5272	21.5847	21.3363	21.3791	21.7069	22.7116	22.5114	24.2181
5.6683	5.3605	3.6216	4.5234	4.9765	3.7735	3.1446	4.7273	4.7389	4.1065	4.9840	5.1232	4.8178	5.4442	6.2379	6.4560	5.8381	6.7555	6.8366	6.8897	7.2418	8.0972	7.2955	7.6682	8.6006	8.4183	8.5858	9.4435	9.3591	9.9182	9.4300	10.2139	11.1693	11.1091	11.1042	12.1580	12.0904	11.3402	12.0842	12.9022	13.3338	13.2735	13.6721	13.6194	14.6821	15.1454	16.3062	17.1368	17.0578	15.3015	17.8445	16.3694	18.3146	17.2882	18.1490	18.9066	19.8211	21.5459	0.9724	0.7500	1.1264	1.9857	2.7646	3.1401	2.8262	4.3190	3.6888	2.9764	4.5603	5.0998	4.4854	4.6057	6.1004	6.3674	5.8072	6.7934	8.1010	7.7503	7.0062	8.2789	8.1238	7.3180	7.7229	8.7939	8.7683	8.7194	8.3500	10.4986	8.9112	9.6777	10.8961	10.9490	10.2451	11.8112	12.4259	10.9742	11.9248	12.4791	12.6968	12.2816	13.3031	13.7628	14.6341	15.4270	15.4429	16.4557	16.7713	15.2516	17.3913	16.4956	18.4097	17.5207	18.2286	18.9615	19.8471	21.5363
3.3877	3.2004	2.5281	2.5766	2.6891	2.8033	2.2087	2.9930	2.6608	2.5453	3.1458	3.4986	3.3051	2.8625	3.4884	3.5873	3.5219	3.5674	4.1575	4.1368	3.9329	4.4118	4.4248	4.6570	4.8214	4.7728	5.0422	5.2486	5.0789	5.5878	5.6705	5.7749	6.0269	6.5397	6.1975	6.9103	7.0888	6.9261	7.1507	7.5141	7.4012	7.7482	8.2222	8.2225	9.0438	9.6457	10.8777	11.0436	11.3568	10.9536	12.8793	11.7449	13.8179	13.4968	14.1890	15.7991	16.5138	18.6525	1.5954	0.8043	0.7500	0.8133	1.0083	0.9707	0.9868	1.1780	1.5411	1.5951	1.6534	1.9466	2.1985	2.2545	2.3503	2.6487	2.8020	3.0363	3.3708	3.5449	3.3877	3.7282	3.7303	3.9213	4.2362	4.2953	4.3334	4.6403	4.6734	5.1231	5.0012	5.3360	5.8735	6.0462	5.6022	6.8747	6.9111	6.6035	6.6460	7.5537	7.3543	7.3898	7.9471	8.2144	8.8747	9.5309	10.5874	11.0039	11.2108	10.9755	13.0829	11.9480	14.4244	13.9069	14.6849	16.1119	16.9119	19.0451
2.7826	2.5352	1.9244	2.0204	2.3054	2.6564	1.7474	2.6890	2.7804	2.4281	2.3316	2.8405	2.8838	2.3236	2.6492	2.9761	2.7938	2.9568	3.4218	3.1869	3.0679	3.6604	3.5574	3.6705	3.8494	4.0085	4.0895	4.2368	4.2528	4.9897	4.6996	4.9615	5.4761	5.5443	5.4018	6.1341	6.1130	6.1761	6.4436	6.7001	6.8540	6.9991	7.1445	7.6778	8.2049	9.2031	9.9806	10.3212	10.2518	10.2872	12.1766	11.8018	13.8462	13.6536	14.5392	15.3357	16.4372	18.2059	1.7565	1.0678	0.7791	0.7500	0.7797	0.8726	0.9003	0.9193	1.0469	1.2461	1.3040	1.4233	1.5796	1.6665	1.8879	2.0479	2.1817	2.3857	2.6042	2.7874	2.6506	2.9548	3.0436	3.1883	3.3447	3.5585	3.7472	3.9074	3.9416	4.5513	4.5241	4.6428	5.0972	5.2159	5.0991	5.6927	6.0368	6.1435	6.2010	6.6686	6.7920	6.8665	7.1251	7.5275	8.2522	9.1576	9.8098	10.1362	10.4280	10.8658	12.3463	11.4781	13.2501	13.1914	13.7728	15.1807	16.0136	17.4350
3.5594	2.8778	2.0011	2.2815	2.4115	2.3500	1.9229	2.4887	2.7391	1.9094	2.1544	2.4435	2.3894	1.9997	2.3804	2.8299	2.3665	2.5145	2.9104	2.9931	2.9223	3.1877	3.3533	3.2895	3.4655	3.6791	3.7785	3.8059	4.0998	4.3829	4.3159	4.5353	4.9645	5.2864	5.0193	5.7777	5.9596	5.8684	6.0296	6.4173	6.7473	6.6443	6.9257	7.8043	7.9871	8.8425	10.0494	10.1343	10.5536	10.1329	12.2084	11.4607	13.6335	13.6334	14.1747	15.2421	15.8960	18.6723	1.6703	1.3134	0.9438	0.7767	0.7500	0.7773	0.9118	0.9370	0.9146	1.0463	1.3990	1.4275	1.4460	1.6977	1.8657	1.8805	1.9296	2.3440	2.5179	2.5731	2.7244	3.1478	3.0573	3.1892	3.4116	3.5087	3.7121	3.9840	3.9605	4.4671	4.4273	4.8271	5.0501	5.2311	5.2312	5.9256	6.0009	6.0922	6.3949	6.7356	6.6642	6.7944	7.4292	7.5295	8.2054	9.2161	9.8528	10.1948	10.6021	10.2607	12.1843	11.4710	13.3305	13.1270	14.0659	14.7529	15.7011	17.6475
2.7725	2.1711	1.4974	1.5752	1.6902	1.7203	1.2321	1.5885	1.6035	1.2887	1.6915	1.6825	1.5462	1.5206	1.9803	1.9030	1.9800	2.1926	2.2637	2.4197	2.3146	2.6419	2.9020	2.8134	3.0123	3.2675	3.3806	3.4559	3.5801	3.9391	3.9563	3.9616	4.4764	4.7358	4.6801	4.8577	5.3262	5.3859	5.3785	5.9198	6.1784	6.1681	6.3753	6.8227	7.1723	8.1799	9.0856	9.3691	9.6259	9.3363	11.2186	10.8694	13.0114	12.7694	13.3111	14.9859	15.7099	17.3702	1.6897	1.0840	0.8941	0.8178	0.7705	0.7500	0.7624	0.8578	0.8358	0.8433	0.9545	1.1126	1.1497	1.1533	1.3733	1.4718	1.5938	1.7324	1.8734	2.0611	2.0365	2.3179	2.4355	2.5471	2.6866	2.8983	2.9472	3.2028	3.2175	3.5551	3.6567	3.8693	4.1923	4.3860	4.3765	4.9199	5.0563	4.9096	5.2465	5.7353	5.6411	5.8285	6.2335	6.6730	7.0386	7.9584	8.8474	9.4646	9.5794	9.5710	11.6373	11.2161	13.6006	13.1147	13.9897	15.1436	16.1758	17.6557
2.7677	2.2460	1.6293	1.8691	1.6676	2.2545	1.3233	1.6065	2.0509	1.4464	1.4215	1.6778	1.9729	1.5848	1.8912	2.0123	2.0315	1.9768	2.2162	2.1502	2.1071	2.4419	2.4726	2.7220	2.7066	2.8623	2.8953	3.0817	3.1834	3.5224	3.6405	3.6649	3.8746	4.0468	4.0426	4.3261	4.5816	4.6385	4.6855	5.1947	5.3121	5.3306	5.6675	6.1696	6.6729	7.7674	8.2416	8.9386	9.0609	8.8264	10.8100	10.3516	12.5933	12.3088	13.2414	14.5484	15.3210	17.2822	1.5875	1.2538	0.8893	0.8615	0.8157	0.7691	0.7500	0.7633	0.8117	0.8061	0.8346	0.9618	1.0528	1.0504	1.2295	1.3647	1.4394	1.5746	1.7659	1.7669	1.8927	2.0973	2.1731	2.2923	2.3835	2.6119	2.5989	2.7313	2.9822	3.2246	3.3121	3.3762	3.7748	3.7616	3.7633	4.1361	4.4678	4.3801	4.4462	5.1137	5.1700	5.1385	5.5601	6.1917	6.6155	7.5646	8.3128	8.9778	9.0690	9.0907	11.1793	10.3597	12.7014	12.2466	12.8084	14.4561	15.3111	16.8084
2.4126	2.0551	1.6138	1.7255	1.9012	1.4770	1.2852	1.5431	1.8413	1.3738	1.5548	1.8961	1.8321	1.5625	1.8963	2.0043	1.9051	1.9344	2.2704	2.2404	2.1071	2.4193	2.6432	2.5512	2.5532	2.8809	3.0257	3.0168	3.2474	3.6192	3.5550	3.5725	3.9426	4.2275	3.9995	4.3999	4.7509	4.6753	4.7897	5.2589	5.2680	5.4231	5.6770	6.4380	6.6623	7.5647	8.5428	8.7760	8.6170	8.4460	10.3736	10.0413	12.2272	12.2357	13.2063	13.8944	14.5791	16.7109	1.8622	1.3209	1.0571	0.8958	0.8897	0.8312	0.7642	0.7500	0.7618	0.8391	0.8475	0.9064	0.9884	1.1366	1.2313	1.2511	1.3877	1.5280	1.6109	1.7367	1.8895	2.0618	2.1824	2.2651	2.3967	2.5985	2.7186	2.8608	3.0762	3.2882	3.4461	3.6293	3.7047	3.9909	3.9876	4.2742	4.6888	4.7342	4.7340	5.2814	5.3200	5.4004	5.8944	6.1544	6.8341	7.5938	8.1541	8.5508	8.7373	8.5883	10.6532	9.8737	11.8038	11.9468	12.4703	13.4560	14.3307	16.2037
2.7516	2.5477	1.7470	2.0205	2.3521	1.5672	1.4428	1.7997	1.5505	1.2331	1.4644	1.6457	1.5304	1.3060	1.5800	1.6744	1.6430	1.6296	1.8770	2.0414	1.8686	2.1421	2.2170	2.3015	2.4112	2.5798	2.6714	2.7560	2.9383	3.1356	3.1745	3.2533	3.6248	3.8195	3.7527	4.0838	4.3611	4.4448	4.4737	4.9109	5.0325	5.1478	5.4354	6.1897	6.3735	7.3490	8.3046	8.4989	8.6320	8.4847	10.2470	9.9747	11.8608	12.4161	12.6956	14.5228	15.1721	17.6913	1.8332	1.2874	1.0903	0.9973	0.8814	0.8384	0.8058	0.7609	0.7500	0.7588	0.8546	0.8697	0.8820	0.9740	1.1034	1.1942	1.2156	1.3821	1.5553	1.6236	1.6892	1.8970	2.0552	2.1343	2.2263	2.4646	2.5460	2.7293	2.7443	3.0548	3.1250	3.3314	3.5274	3.7130	3.7779	4.2271	4.3345	4.3102	4.5527	5.0951	4.8736	5.1158	5.6294	5.8840	6.4396	7.3322	7.8274	8.2915	8.4574	8.3953	10.3851	10.0255	11.8963	12.1941	12.6749	13.7105	15.1132	16.8813
2.7700	2.4268	1.4988	1.5673	1.6448	1.4351	1.0925	1.4398	1.3627	1.4008	1.2329	1.4227	1.2107	1.1846	1.4227	1.5332	1.4673	1.5067	1.8383	1.8368	1.7282	2.0397	2.1788	2.1491	2.2866	2.5168	2.6107	2.5739	2.8223	3.0290	3.0901	3.1352	3.3890	3.6350	3.6350	3.8488	4.2560	4.1413	4.1803	4.8291	4.7029	4.7597	5.2682	5.5962	6.3013	7.1505	7.9179	8.3797	8.5862	8.3931	10.4734	10.1287	11.6603	11.6803	12.5084	14.3120	15.2618	17.1819	2.0211	1.2988	1.0774	1.0035	0.9296	0.8290	0.8012	0.7858	0.7558	0.7500	0.7575	0.8239	0.8121	0.8163	0.9027	1.0624	1.0616	1.1020	1.2855	1.3963	1.4979	1.6207	1.7449	1.8423	1.9797	2.1385	2.2107	2.3169	2.4698	2.6425	2.7215	2.8823	3.1981	3.2804	3.2823	3.6862	3.8918	3.8239	3.9444	4.4863	4.3730	4.4981	5.0244	5.3970	6.0639	6.8288	7.5897	8.2221	8.4504	8.1283	10.5717	10.1764	12.0006	11.8160	12.7372	14.2662	15.4597	17.8930
2.6888	2.3658	1.6354	1.7411	1.7847	1.7606	1.3306	1.4975	1.4770	1.1274	1.3273	1.5965	1.3741	1.3209	1.6232	1.7696	1.6999	1.6653	1.9897	2.0749	1.9531	2.2140	2.4211	2.3265	2.4785	2.7736	2.8275	2.8025	2.9620	3.3617	3.2830	3.4658	3.7041	3.9338	3.8497	4.1946	4.5246	4.3713	4.4381	5.0785	5.0351	5.0778	5.4262	6.0411	6.4687	7.2569	7.9941	8.3630	8.4293	8.3651	10.3111	10.2839	11.9898	12.2549	13.3268	14.0247	15.9313	18.3160	2.0165	1.5946	1.2193	1.1106	1.0480	0.9118	0.8380	0.8191	0.8074	0.7607	0.7500	0.7608	0.8142	0.8464	0.8615	0.9719	1.0985	1.1520	1.2497	1.4370	1.5204	1.6526	1.7951	1.8712	2.1015	2.2282	2.3123	2.4504	2.6473	2.7845	2.9458	3.1527	3.2932	3.5623	3.6103	3.7931	4.1242	4.0922	4.3260	4.7593	4.7199	4.9126	5.2675	5.8059	6.3429	7.1499	8.2609	8.4007	8.4911	8.3325	10.4827	9.8548	11.6620	11.8848	12.3744	14.4561	15.3474	17.3292
2.7456	2.2918	1.8713	1.8426	1.8118	1.6409	1.4972	1.7773	1.6930	1.2619	1.4836	1.6917	1.6656	1.3436	1.6585	1.8320	1.5267	1.5912	1.9372	1.9625	1.7232	2.0116	2.2073	2.0766	2.1768	2.4527	2.6048	2.5109	2.6410	2.9060	2.9396	3.0127	3.3682	3.6248	3.5891	3.8721	4.1226	4.0935	4.2131	4.6198	4.7478	4.8617	5.3111	5.9660	6.4166	7.1580	7.9962	8.0769	8.2821	8.0797	10.0073	10.0293	11.9748	11.9118	13.3359	15.0174	16.1682	18.7148	2.0276	1.6994	1.4258	1.2849	1.1988	1.0831	0.9433	0.8976	0.8643	0.8210	0.7659	0.7500	0.7605	0.8364	0.8747	0.8904	0.9881	1.0958	1.2147	1.2900	1.3763	1.5666	1.6261	1.7285	1.9678	2.1354	2.2346	2.3747	2.5419	2.6721	2.7926	3.1097	3.1548	3.3779	3.5492	3.8424	3.9740	3.9965	4.2264	4.6776	4.6472	4.8596	5.3212	5.4553	6.2617	7.1020	7.3757	7.6011	8.2706	7.9754	10.2566	9.6890	11.5139	11.7118	12.6038	13.7304	15.1242	17.2043
2.5372	2.3061	1.8063	1.8812	1.7951	1.4683	1.3881	1.5833	1.4682	1.2086	1.3523	1.4202	1.3364	1.0933	1.3872	1.2886	1.1893	1.4246	1.4940	1.4641	1.4295	1.6967	1.7760	1.8199	1.8873	2.1944	2.1738	2.2613	2.4865	2.6262	2.5905	2.8424	3.1185	3.2575	3.1862	3.4990	3.8710	3.7544	3.8593	4.2925	4.4157	4.4725	4.8295	5.3886	5.9058	6.6897	7.6456	7.9529	7.9919	8.0112	9.9057	9.5482	11.3512	11.6671	12.7105	15.1907	16.0855	18.4313	1.9588	1.6504	1.3529	1.2574	1.1914	1.0821	0.9795	0.9320	0.8500	0.8105	0.7972	0.7605	0.7500	0.7548	0.8173	0.8342	0.8238	0.9297	1.0512	1.0961	1.2119	1.3036	1.4307	1.5206	1.6441	1.8198	1.9386	2.0831	2.1531	2.3440	2.4311	2.6522	2.8714	2.9175	3.0765	3.4001	3.5505	3.5382	3.7388	4.1262	4.1574	4.2949	4.7372	5.0640	5.6641	6.6805	7.2195	7.7137	8.0307	7.9902	10.0280	9.7317	11.4296	12.0936	13.1859	15.0082	16.8622	18.9705
3.0154	2.4167	1.9039	1.9311	1.8716	1.6318	1.4255	1.6789	1.5185	1.2476	1.3092	1.5096	1.2530	1.1859	1.4336	1.4345	1.3221	1.3699	1.6907	1.5962	1.4911	1.9683	1.9540	1.9526	2.0795	2.2922	2.2936	2.3559	2.5394	2.8001	2.7294	2.9833	3.0964	3.3363	3.2766	3.5571	4.0019	3.7944	3.9058	4.3846	4.3285	4.3926	4.8115	5.2408	5.8092	6.6895	7.5281	7.8765	8.0806	8.0580	10.1159	9.6350	11.8646	11.7241	13.1837	14.8457	15.5156	18.5274	2.2540	1.7949	1.5109	1.3760	1.2629	1.1006	1.0447	1.0124	0.9007	0.8228	0.8359	0.8101	0.7569	0.7500	0.7575	0.8394	0.8205	0.8392	0.9438	1.0362	1.1193	1.2356	1.4203	1.5239	1.6257	1.7712	1.8471	2.0046	2.1405	2.3441	2.3568	2.5794	2.7602	2.8712	2.9396	3.2431	3.5888	3.4601	3.6741	4.0929	3.9364	4.1994	4.5450	5.0573	5.6357	6.3411	7.4823	7.6715	7.8349	7.7742	10.3419	9.7270	11.7062	11.7172	12.7905	15.2490	16.3151	18.8500
2.6893	2.3558	1.9630	2.0000	1.8856	1.7948	1.5631	1.6139	1.6364	1.2845	1.4182	1.5077	1.3822	1.2221	1.4439	1.5712	1.3366	1.5359	1.8124	1.6870	1.5486	2.0704	2.0351	2.0687	2.1706	2.3958	2.4183	2.4193	2.6233	2.7917	2.7933	2.9273	3.3035	3.3993	3.2351	3.7540	3.9256	3.8060	3.9278	4.4513	4.4858	4.5254	4.9073	5.5931	5.8946	6.6713	7.8152	7.8866	7.9635	8.0987	9.8470	9.6027	11.7587	12.4350	13.7878	15.2554	16.0980	17.5283	2.5421	2.1452	1.7012	1.6086	1.5412	1.3645	1.2481	1.1794	1.1053	0.9695	0.9107	0.8542	0.8277	0.7625	0.7500	0.7632	0.8362	0.8552	0.8781	0.9936	1.1071	1.2160	1.2967	1.4878	1.6134	1.7126	1.8855	2.0345	2.1972	2.3443	2.4489	2.6809	2.8125	2.9593	3.1498	3.3575	3.5375	3.6015	3.8019	4.0323	4.1226	4.4122	4.8129	5.1411	5.7252	6.6030	7.3732	7.6831	7.7842	7.8428	10.0137	9.2547	11.1961	11.6803	12.6354	14.8534	15.8047	17.5230
3.1515	2.7872	2.1199	2.2806	2.2407	1.9495	1.7695	1.8941	1.8941	1.4270	1.5881	1.7687	1.5167	1.3219	1.5644	1.5523	1.2792	1.3796	1.6745	1.5804	1.3703	1.6928	1.8217	1.7322	1.7690	2.0608	2.1416	2.0053	2.3356	2.4708	2.4524	2.6480	2.8535	3.0578	2.8815	3.2527	3.5288	3.4659	3.4987	3.9367	4.0088	4.1550	4.5989	5.2381	5.6890	6.4375	7.3979	7.6200	7.8302	7.8189	9.8438	9.4763	11.5918	11.9911	13.3015	15.4211	15.7904	18.7685	2.6428	2.1513	1.8399	1.6559	1.6171	1.4610	1.3356	1.2556	1.1867	1.0632	0.9578	0.9041	0.8538	0.8176	0.7616	0.7500	0.7583	0.8343	0.8828	0.8781	0.9963	1.1366	1.2269	1.2958	1.5027	1.6404	1.6592	1.8176	2.0044	2.1567	2.2012	2.4888	2.5692	2.6975	2.8806	3.1519	3.2640	3.2827	3.5549	3.8695	3.8174	4.1302	4.5288	4.7541	5.5010	6.2947	6.8234	7.0972	7.6245	7.5236	9.8483	9.5286	11.3365	12.1034	13.0922	14.7931	16.4020	18.7907
3.0794	2.6321	2.1482	2.1172	2.2182	1.9873	1.6813	1.8033	1.7981	1.3967	1.4862	1.5909	1.3522	1.1630	1.3971	1.4268	1.3304	1.2355	1.5227	1.4466	1.3053	1.5886	1.7020	1.5891	1.7403	2.0811	2.0511	2.0039	2.3886	2.5205	2.4187	2.5733	2.8704	2.9018	2.8229	3.2990	3.5483	3.3891	3.4574	3.9819	3.9690	4.0119	4.4649	4.9665	5.5411	6.4751	7.1233	7.4276	8.0619	7.5943	9.7591	9.0518	10.9680	10.9332	12.7435	14.1944	15.0821	16.5125	2.4874	2.0452	1.8321	1.6728	1.5282	1.4500	1.3660	1.2364	1.1618	1.0718	1.0092	0.9368	0.8389	0.8044	0.7952	0.7607	0.7500	0.7585	0.8330	0.8584	0.8877	0.9790	1.1527	1.1852	1.2556	1.4842	1.5610	1.6817	1.8225	1.9334	2.0734	2.1772	2.3754	2.4814	2.5580	2.9005	3.0262	3.0177	3.2313	3.5617	3.5440	3.7022	4.1509	4.4984	5.1342	6.0342	6.8384	7.2188	7.9237	7.4520	9.8419	9.4295	11.6000	11.7921	13.2677	15.2806	16.2916	18.6340
3.0604	2.5733	2.3257	2.2911	2.1656	2.0582	1.7610	1.8395	1.7849	1.4837	1.4743	1.5498	1.3656	1.1753	1.4213	1.3825	1.1910	1.3823	1.5032	1.4566	1.3054	1.6154	1.6949	1.6600	1.7744	2.0364	2.0467	2.0323	2.2709	2.4504	2.4125	2.6042	2.8391	2.9390	2.8465	3.4028	3.4756	3.3672	3.5129	3.8942	3.9872	4.0269	4.3969	4.8971	5.4490	6.3038	7.0728	7.2207	7.6786	7.5898	9.5743	9.1807	11.4763	11.6922	13.1297	14.9053	15.5797	17.7822	2.5892	2.1797	2.0096	1.9104	1.7206	1.5728	1.4807	1.3927	1.2322	1.1535	1.1237	0.9992	0.9098	0.8431	0.8056	0.7986	0.7581	0.7500	0.7597	0.8339	0.8406	0.8757	0.9886	1.1431	1.1774	1.3129	1.4613	1.6093	1.7257	1.8641	1.9860	2.1606	2.2983	2.4230	2.5006	2.7669	2.9431	3.0237	3.1186	3.4328	3.6035	3.7152	4.0268	4.6427	5.1264	5.9734	7.1480	7.1690	7.4421	7.4492	9.7062	9.0867	10.8744	11.1577	12.5850	14.6141	15.8357	17.9255
3.4281	2.7919	2.4713	2.6249	2.4088	2.0361	1.9530	2.1239	1.8384	1.6964	1.7238	1.8095	1.5916	1.4716	1.7776	1.7236	1.3663	1.5641	1.8099	1.6670	1.4748	1.8233	1.9277	1.7257	1.8026	2.0661	2.1790	1.9576	2.2129	2.4311	2.2848	2.3589	2.6881	2.8575	2.7036	2.9940	3.2461	3.2243	3.3077	3.6925	3.7318	3.8622	4.2777	4.8355	5.3252	6.1799	7.2032	7.2737	7.6253	7.4840	9.4586	9.1478	11.3879	11.6664	13.6520	14.8712	15.6176	18.0314	3.0848	2.6487	2.1901	2.0852	1.9920	1.7912	1.6083	1.5687	1.4985	1.3570	1.2346	1.2033	1.0691	0.9516	0.8915	0.8499	0.8151	0.7603	0.7500	0.7629	0.8584	0.8856	0.9162	1.0248	1.1566	1.2814	1.3371	1.5223	1.6909	1.6946	1.8296	2.0919	2.1922	2.2690	2.5258	2.7514	2.8309	2.9195	3.2011	3.4316	3.4200	3.7503	4.1426	4.4448	5.1098	5.9728	6.4936	6.7972	7.3068	7.2829	9.6191	8.9102	11.1219	11.5515	12.7713	14.3916	15.5728	17.5576
3.5914	3.3469	2.7678	2.9775	2.9144	2.4478	2.2681	2.3450	2.1544	1.9025	2.0605	2.1498	1.7742	1.5868	1.8039	1.8126	1.4707	1.4687	1.8449	1.5602	1.4093	1.6866	1.7661	1.5020	1.7088	1.9613	1.8322	1.7885	2.1488	2.2561	2.1083	2.3039	2.6835	2.7489	2.6608	3.0949	3.1945	3.1895	3.2931	3.7057	3.9104	3.9228	4.3006	4.9435	5.4070	6.1560	7.0882	7.3160	7.7183	7.7688	9.7179	8.9045	11.1707	11.0257	13.0214	14.5601	15.4920	17.3330	3.1652	2.7339	2.4293	2.3130	2.1203	2.0711	1.8020	1.6624	1.5968	1.5449	1.4377	1.2926	1.2213	1.0930	1.0085	0.9045	0.8497	0.8269	0.7693	0.7500	0.7699	0.8860	0.8895	0.8933	1.0440	1.2026	1.2276	1.3233	1.5815	1.6793	1.7335	1.9360	2.1209	2.2268	2.3710	2.6464	2.7620	2.8527	3.0696	3.2956	3.4396	3.6530	4.0503	4.3979	4.9599	5.8683	6.2506	6.9312	7.6939	7.6241	9.6046	8.8775	11.1242	11.8337	13.1398	14.6855	16.0579	17.2892
4.3308	3.6924	3.3742	3.5627	3.2440	2.8618	2.6620	2.7356	2.5949	2.2286	2.4067	2.3443	2.0816	1.7830	1.9702	1.9362	1.6144	1.7695	1.9928	1.5995	1.4671	1.8932	1.8848	1.5659	1.9145	2.1871	2.0350	1.9584	2.3661	2.6075	2.3587	2.5902	2.9609	3.0859	2.8653	3.2171	3.5412	3.3969	3.6076	3.9959	3.9801	4.0549	4.5183	4.9795	5.4661	6.0925	7.0065	7.1417	7.6556	7.7608	10.0091	8.8312	11.5884	11.1225	13.2900	14.6727	14.8024	16.5503	3.5804	3.3347	3.0372	2.8572	2.4671	2.4274	2.3280	2.0634	1.9474	1.8371	1.7801	1.5609	1.4172	1.3100	1.2066	1.0503	0.9512	0.9344	0.8927	0.7763	0.7500	0.7805	0.9304	0.9621	0.9544	1.0926	1.2261	1.3199	1.4514	1.6813	1.8653	1.9476	2.1301	2.2474	2.4124	2.6119	2.8292	2.8814	3.1625	3.3657	3.4757	3.6062	4.0669	4.5446	5.1365	5.7305	6.8054	6.9183	7.5322	7.6385	9.7251	8.9496	11.2520	11.6628	12.9987	14.9192	15.7024	17.9130
4.0110	3.6747	3.1672	3.1066	3.0227	2.6555	2.5204	2.4613	2.4117	2.1086	2.0940	2.1895	1.8704	1.7680	1.9109	1.8349	1.5028	1.6350	1.9139	1.6208	1.4563	1.8340	1.9105	1.6247	1.8622	2.1440	2.0611	1.8834	2.3115	2.4307	2.2051	2.3812	2.6499	2.7569	2.5585	2.9887	3.2667	3.1222	3.1873	3.7162	3.7108	3.6931	4.2532	4.7025	5.2794	6.1649	6.9925	7.1430	7.5450	7.7429	9.8300	9.2433	11.4323	11.4042	13.3376	14.3695	15.6372	17.8070	3.7071	3.2913	2.8738	2.8368	2.6415	2.3483	2.2595	2.1733	1.9713	1.7499	1.7678	1.6456	1.4940	1.3395	1.2934	1.1432	1.0067	0.9077	0.9040	0.8440	0.7696	0.7500	0.7650	0.8631	0.9083	0.9399	1.0546	1.2039	1.2373	1.3746	1.5391	1.6835	1.7391	1.8868	2.1026	2.3249	2.3703	2.5031	2.8202	3.0276	3.1038	3.4481	3.6933	4.1468	4.8562	5.7074	6.5626	6.7265	7.1545	7.4392	9.8074	8.9966	10.9625	11.4747	12.4737	14.5271	15.6057	18.0296
4.0284	3.8343	3.3114	3.4116	3.3276	3.0941	2.7957	3.0033	2.7010	2.2674	2.4543	2.4730	2.2291	2.0221	2.2235	2.1795	1.6902	1.8192	2.1737	1.7845	1.4899	1.9120	1.8922	1.5742	1.6446	1.9735	1.8645	1.6921	1.9493	2.0777	1.9470	1.9727	2.3691	2.3162	2.2179	2.6321	2.7557	2.8202	2.9322	3.2406	3.4376	3.4338	3.8293	4.4608	4.9274	5.8532	6.8860	6.7047	7.4703	7.3042	9.4360	8.9246	11.1114	11.5656	13.5524	15.5508	15.7064	18.6951	3.8212	3.5529	3.0713	2.9078	2.8691	2.7359	2.3462	2.3254	2.2481	1.9718	1.8212	1.8002	1.7122	1.4907	1.4058	1.3392	1.1763	1.0122	0.9716	0.9040	0.8641	0.7733	0.7500	0.7717	0.8791	0.9347	0.9068	1.0559	1.2272	1.3305	1.3929	1.5527	1.7556	1.7681	1.9507	2.2622	2.3685	2.3446	2.6616	2.9380	3.0310	3.2850	3.6714	3.9558	4.5823	5.5539	6.2103	6.3405	7.0492	7.0891	9.0989	8.8146	10.6846	11.7315	13.0793	14.1581	15.3133	18.2234
4.3524	4.0603	3.4719	3.5926	3.5489	3.1667	2.9808	3.0084	2.6622	2.4406	2.5622	2.6197	2.2698	1.9537	2.2234	2.0544	1.7070	1.7117	1.9201	1.6449	1.4483	1.7342	1.7435	1.5143	1.5233	1.7970	1.6221	1.6032	1.8556	2.0063	1.8537	1.9619	2.4452	2.3383	2.2225	2.7353	2.8971	2.7085	2.9860	3.3193	3.4176	3.4224	3.8501	4.4929	5.0533	5.8045	6.6465	6.9133	7.1730	7.3737	9.1133	8.6013	10.3018	10.4384	11.9290	13.8017	14.3220	18.1869	3.8769	3.6661	3.2268	3.0435	2.9382	2.7637	2.5689	2.3541	2.2016	2.1356	1.9998	1.7797	1.7363	1.5662	1.4220	1.3493	1.2457	1.1242	1.0283	0.9552	0.8580	0.8372	0.7705	0.7500	0.7643	0.8648	0.8937	0.9429	1.0337	1.2319	1.2882	1.2960	1.5644	1.6828	1.7105	1.9066	2.1147	2.2865	2.4021	2.6063	2.7846	2.9470	3.3501	3.7758	4.5022	5.3929	6.2725	6.5998	7.1090	7.2116	9.0925	8.6737	10.6683	10.9267	12.4010	14.2605	16.0577	18.5123
4.3260	3.9252	3.5247	3.5417	3.4446	3.1473	2.9787	2.9506	2.7681	2.5522	2.4831	2.5798	2.3481	2.1059	2.2161	2.0366	1.7456	1.7686	2.0202	1.6301	1.4194	1.7599	1.6999	1.4552	1.6740	1.8335	1.6724	1.5805	1.8885	2.0204	1.8171	2.0097	2.3916	2.4574	2.2889	2.7064	2.8203	2.7240	2.9552	3.4000	3.3379	3.4619	3.9570	4.2964	4.9317	5.7342	6.6365	6.7658	7.2837	7.6274	9.4752	9.0329	11.4764	11.3088	13.6233	14.3006	15.4023	19.0365	3.8287	3.5410	3.1907	3.1627	2.9707	2.7348	2.6582	2.4532	2.2733	2.1494	2.1248	1.8787	1.7245	1.6757	1.5729	1.4297	1.2810	1.2193	1.1184	0.9794	0.9218	0.8613	0.8370	0.7662	0.7500	0.7625	0.8536	0.8817	0.8975	1.0603	1.2020	1.2313	1.3513	1.5298	1.6535	1.7807	1.8982	2.0721	2.3375	2.4724	2.6319	2.9325	3.1646	3.5799	4.3895	5.2095	6.4186	6.3996	6.7684	7.0699	9.1593	8.5053	10.7473	11.0311	12.3114	14.3745	15.4076	19.4452
4.3007	4.0207	3.6611	3.7136	3.5179	3.2177	3.0303	3.0015	2.8236	2.6772	2.7254	2.5712	2.3237	2.2423	2.3770	2.1298	1.8582	2.0331	2.1281	1.8592	1.6627	2.1230	2.0133	1.6432	1.8728	2.1337	1.9113	1.7191	2.0833	2.2548	1.8580	1.9735	2.3880	2.5157	2.1149	2.5088	2.7915	2.5332	2.6944	3.1649	3.2559	3.1411	3.6621	4.2399	4.6749	5.5145	6.5633	6.5762	6.9399	7.1986	9.1194	8.5839	11.0984	11.4896	12.6565	13.8581	15.4773	17.9523	4.2168	3.8616	3.4611	3.3886	3.3049	3.0306	2.7783	2.6962	2.5791	2.4078	2.2990	2.1578	2.0001	1.7790	1.7589	1.6622	1.4711	1.3350	1.2855	1.1581	1.0032	0.9259	0.9151	0.8545	0.7640	0.7500	0.7670	0.8612	0.8872	0.9224	1.0373	1.1607	1.2555	1.3506	1.5172	1.6938	1.7290	1.8400	2.1640	2.4087	2.4281	2.7913	3.1500	3.5275	4.1931	5.2256	6.0889	6.3186	6.3771	6.9641	8.8390	8.4870	10.7243	11.3385	12.7568	14.3136	15.0167	18.7531
4.7878	4.4121	4.0556	3.9355	3.7269	3.5851	3.3518	3.4006	3.1952	2.9693	2.9548	2.8417	2.5478	2.4463	2.5310	2.3422	2.0350	2.1604	2.3392	1.9503	1.6961	2.0167	1.9165	1.6494	1.7044	1.9139	1.6728	1.5900	1.7605	1.8934	1.5663	1.7260	2.0029	1.9368	1.8003	2.2089	2.3357	2.2139	2.4667	2.9791	2.9109	3.0037	3.5330	3.9429	4.5652	5.2847	6.4161	6.4499	7.0294	7.4237	9.2499	8.4827	11.1064	10.3549	11.8051	13.7082	14.4469	18.6789	4.4446	4.0950	3.7194	3.4881	3.3463	3.2043	3.0016	2.8586	2.7457	2.5821	2.4566	2.2470	2.1754	1.9564	1.8454	1.7314	1.6221	1.4643	1.3403	1.2521	1.1300	1.0081	0.9029	0.8905	0.8231	0.7685	0.7500	0.7642	0.8608	0.9043	0.8846	1.0458	1.1499	1.2411	1.3054	1.5238	1.6512	1.6927	1.9889	2.2640	2.2890	2.5245	2.9481	3.2886	3.9597	5.0849	5.7681	6.1112	6.5786	6.8815	8.9546	8.2996	11.3700	10.9994	13.4873	14.2698	15.5177	19.0398
4.9710	4.5368	4.0723	4.1539	4.0933	3.7502	3.6408	3.5899	3.3981	3.1032	3.1291	3.0745	2.8882	2.6847	2.8874	2.5847	2.2602	2.3732	2.4843	2.0336	1.7845	2.1908	2.0311	1.6484	1.9103	2.0454	1.7245	1.7700	1.9070	1.8973	1.6733	1.8311	2.1938	2.1404	2.0062	2.4661	2.6240	2.5130	2.7074	3.1793	3.1061	3.2551	3.7078	4.2030	4.8078	5.5918	6.3402	6.5593	6.9856	7.4366	9.0401	8.8305	10.8931	10.7411	12.5109	13.9828	16.2512	19.7880	4.3824	4.2087	3.8891	3.7307	3.5316	3.3963	3.3120	3.0025	2.8620	2.7748	2.5577	2.3545	2.2815	2.0993	2.0245	1.7894	1.7424	1.6384	1.4339	1.2980	1.2586	1.1434	1.0210	0.9202	0.8908	0.8282	0.7676	0.7500	0.7645	0.8996	0.9112	0.8920	1.0393	1.2228	1.3067	1.3656	1.6188	1.7555	1.8520	2.0866	2.3032	2.5514	2.8085	3.3068	4.1091	5.0599	6.0723	6.2648	6.6450	6.6270	8.7074	8.1727	10.4251	10.2254	12.3579	13.6384	15.8614	18.9100
4.7848	4.5863	3.9359	3.9153	3.8667	3.5352	3.3937	3.3358	3.2343	2.9944	2.9204	2.8712	2.6786	2.4817	2.4810	2.3389	2.0915	2.1265	2.2783	1.9571	1.8291	2.0549	1.9126	1.5923	1.7501	1.9710	1.6989	1.5719	1.9688	1.9934	1.6001	1.8149	2.2084	2.0867	1.9109	2.4598	2.6717	2.4647	2.5993	3.2022	3.0656	3.1053	3.7019	4.1696	4.7446	5.5479	6.3893	6.3783	6.7493	7.1655	8.9219	8.5588	11.3734	11.3743	13.5259	14.3431	15.7219	18.0181	4.4542	4.1008	3.6835	3.6925	3.4785	3.2892	3.1895	3.0815	2.8959	2.7357	2.6408	2.4643	2.3208	2.2063	2.1638	1.8305	1.7213	1.6910	1.6038	1.3744	1.2928	1.2301	1.0960	1.0165	0.8785	0.8790	0.8213	0.7688	0.7500	0.7652	0.8564	0.8813	0.9126	1.0704	1.2048	1.3237	1.3811	1.5563	1.7525	1.9268	2.0766	2.3383	2.6767	3.2286	4.0532	4.9388	6.1976	6.1557	6.1951	6.6387	8.6809	8.3319	10.8083	11.0989	12.8738	14.4826	15.4893	18.1115
5.0009	4.6540	4.2140	4.2015	4.1318	3.9726	3.7159	3.6605	3.4311	3.2212	3.3523	3.1632	2.9285	2.8082	3.0397	2.6013	2.2543	2.4678	2.4919	2.2659	2.0163	2.3206	2.2211	1.7597	1.9567	2.1148	1.8529	1.6491	1.9108	1.7949	1.5761	1.6685	2.0584	2.0086	1.7226	2.1544	2.3277	2.1143	2.1117	2.6137	2.6236	2.5502	3.0332	3.5419	4.2130	4.9880	5.8105	5.7986	6.2983	6.1179	8.8118	7.8952	9.8238	10.3138	11.6230	13.0299	14.0915	16.3449	4.9745	4.5319	4.0175	3.8341	3.8496	3.7442	3.3986	3.2946	3.1912	3.0201	2.8678	2.6807	2.6488	2.3250	2.3160	2.1879	1.9085	1.8358	1.7081	1.5972	1.3724	1.3042	1.2769	1.1658	1.0020	0.9060	0.8537	0.8319	0.7737	0.7500	0.7608	0.8350	0.9203	0.9320	1.0623	1.2432	1.3363	1.3962	1.6235	1.8664	1.8862	2.1519	2.5520	3.0310	3.6654	4.7026	5.4680	5.4330	5.8269	6.0262	8.2822	7.8556	10.4591	11.2866	12.7481	14.2898	14.8480	18.1042
5.3256	4.7392	4.1841	4.2563	4.1114	3.9200	3.6909	3.7498	3.5521	3.2867	3.3718	3.2667	2.9908	2.8209	2.9660	2.7143	2.4095	2.4963	2.6344	2.2567	2.0735	2.2364	2.0811	1.7252	1.7668	1.9268	1.6940	1.4631	1.6737	1.7004	1.4659	1.4328	1.7563	1.6219	1.5644	1.8768	2.0647	1.8934	1.9918	2.5378	2.4380	2.5371	3.1240	3.6612	4.3329	5.2942	6.1208	6.0287	6.5247	6.2973	8.4994	8.3341	10.0922	10.1583	12.4118	13.1227	14.2753	18.1390	5.0056	4.5605	4.0160	3.8253	3.7320	3.5742	3.3806	3.3045	3.1696	2.9845	2.8915	2.7132	2.6003	2.3689	2.2938	2.1528	2.0187	1.9019	1.7496	1.6675	1.5920	1.3625	1.3035	1.1779	1.0722	0.9534	0.8622	0.8355	0.8026	0.7660	0.7500	0.7603	0.8472	0.8514	0.8704	1.0013	1.1894	1.2208	1.2840	1.6198	1.7062	1.8502	2.1898	2.7487	3.4382	4.7031	5.7351	5.7810	6.1222	5.9702	8.4329	7.7887	10.7878	10.8358	13.7534	15.7804	16.7878	19.5672
5.5351	5.1238	4.4890	4.4699	4.5218	4.1757	4.0515	3.9797	3.8893	3.5811	3.6376	3.5656	3.2472	3.0896	3.0584	2.9406	2.6614	2.5604	2.7598	2.3914	2.2194	2.3390	2.1570	1.7370	1.8357	1.9761	1.6173	1.4969	1.6404	1.6659	1.3409	1.4998	1.7360	1.7073	1.5720	1.9220	2.1230	1.9457	2.1492	2.6311	2.6280	2.7697	3.1564	3.7386	4.3827	5.2429	6.0463	6.4942	6.4464	6.8783	8.8522	8.5288	10.4913	11.2406	12.9045	14.9686	15.7570	19.8246	5.1294	4.8161	4.3110	4.1575	4.0682	3.9421	3.8145	3.6127	3.4339	3.3693	3.2532	3.0420	2.8349	2.7045	2.5335	2.3184	2.2399	2.2285	1.9575	1.8329	1.7316	1.6083	1.4229	1.2738	1.1914	1.0913	0.9630	0.8648	0.8340	0.8204	0.7611	0.7500	0.7629	0.8798	0.8610	0.8941	1.0375	1.1782	1.2791	1.4538	1.6480	1.9067	2.0802	2.6040	3.5497	4.4029	6.0252	5.9145	6.0626	6.2822	8.3117	7.6959	9.6070	10.8609	11.8512	14.2055	15.4867	18.9378
5.6706	5.2205	4.9212	4.6723	4.5442	4.4571	4.2382	4.1354	3.9320	3.7490	3.7484	3.5606	3.4069	3.2258	3.2252	2.9920	2.6780	2.8150	2.8225	2.4933	2.3451	2.5180	2.3063	1.9365	2.1573	2.2449	1.9260	1.7644	2.1887	2.0612	1.5816	1.9179	2.2377	2.1709	1.7784	2.4450	2.5973	2.1905	2.3828	2.9610	2.9980	2.9247	3.3759	4.1060	4.5462	5.5094	6.4544	6.3889	6.7207	6.5876	8.9527	8.8618	10.7713	11.4867	12.9827	14.9896	15.8596	18.5296	5.6356	5.1792	4.6856	4.5097	4.4644	4.3434	3.9349	3.9250	3.7725	3.5317	3.4372	3.3328	3.1691	2.8661	2.8316	2.6951	2.4169	2.3510	2.2810	2.0108	1.8719	1.7934	1.6888	1.4753	1.3657	1.3045	1.1372	1.0144	0.9248	0.8945	0.8625	0.7621	0.7500	0.7737	0.8783	0.9519	0.9610	1.1116	1.3020	1.5375	1.5955	1.9192	2.1760	2.8375	3.4981	4.5352	6.1610	5.9440	6.2711	6.5425	8.6696	8.7086	10.8409	11.3827	12.6814	14.6422	15.9211	19.4615
5.8599	5.4277	4.9479	5.0893	4.9843	4.7121	4.3780	4.4323	4.1812	3.9090	3.9616	3.8692	3.5906	3.4278	3.5130	3.3105	2.9112	2.9864	3.1470	2.8406	2.5753	2.6784	2.5331	2.1321	2.2979	2.4491	1.9517	1.7647	2.0231	2.0035	1.6717	1.6415	2.0794	1.8390	1.6283	2.0435	2.2888	1.8769	2.0558	2.4623	2.3877	2.4006	2.9651	3.5209	4.1733	5.2070	6.1997	5.8842	6.3676	6.3205	9.1272	8.9370	9.9513	10.3263	11.3221	13.2917	14.4271	17.6908	5.9105	5.3926	4.8446	4.8227	4.6766	4.5080	4.1451	4.1298	3.9296	3.6691	3.5739	3.4752	3.3326	3.0615	2.9879	2.8459	2.6047	2.3682	2.3824	2.3093	2.0732	1.9139	1.8112	1.6504	1.4456	1.3625	1.2047	1.1341	1.0066	0.9003	0.8529	0.8058	0.7688	0.7500	0.7615	0.8770	0.9213	0.9485	1.0881	1.3381	1.3636	1.5061	2.0052	2.6819	3.3159	4.8531	5.9304	5.8512	6.1335	6.0662	8.7678	9.1443	10.6288	11.4148	12.4948	15.6123	16.7406	20.4424
6.5910	5.8495	5.4374	5.2810	5.1836	4.9920	4.8963	4.6284	4.5399	4.1706	4.2711	4.0704	3.7663	3.6396	3.7534	3.4537	3.1833	3.3087	3.3118	3.0091	2.8894	2.9605	2.7950	2.2464	2.5011	2.7541	2.1440	1.9025	2.1400	2.0345	1.7064	1.7543	2.1214	1.7904	1.8951	2.1691	2.1969	1.9460	2.2294	2.6806	2.5137	2.7919	3.1727	3.7685	4.4663	5.1792	6.2139	6.1088	6.5595	6.7847	8.6144	9.0164	10.7430	11.3755	13.7487	15.6786	16.5811	19.8492	6.2846	5.7511	5.2734	4.9964	4.8772	4.8185	4.5527	4.3011	4.2404	3.9707	3.7738	3.6907	3.5520	3.2693	3.2204	3.0069	2.8202	2.6729	2.4839	2.4229	2.2865	2.0028	1.8770	1.7711	1.6661	1.4629	1.2723	1.2371	1.1334	0.9761	0.8784	0.8784	0.8386	0.7688	0.7500	0.7602	0.8939	0.8963	0.9461	1.1993	1.3225	1.5212	1.8522	2.8592	3.5031	4.3868	6.0158	6.2132	6.1035	5.9651	8.2913	8.7972	11.1151	11.2067	12.5252	14.0119	16.1139	19.9806
6.9536	6.4574	5.8525	5.7570	5.5407	5.2794	4.9879	4.7703	4.6297	4.4991	4.2176	4.0684	3.9158	3.6877	3.6076	3.4913	3.2542	3.2208	3.2375	2.9893	2.7766	2.7530	2.6937	2.2553	2.4237	2.4332	2.1108	1.9232	2.2088	2.0954	1.6078	1.8152	2.1530	1.9634	1.6976	2.1307	2.3240	1.8999	2.2884	2.9991	2.7704	2.7864	3.4687	4.1240	4.6284	5.6504	6.7763	6.7208	7.1077	6.8974	9.0395	9.2835	11.1635	12.4393	13.7421	15.7499	16.5749	19.0268	6.5934	6.0347	5.6740	5.5754	5.1172	5.0602	4.6887	4.5852	4.3853	4.1645	3.9609	3.6954	3.5859	3.4022	3.3051	3.0956	2.9534	2.8370	2.6793	2.5615	2.4203	2.2152	2.0090	1.8221	1.8179	1.6806	1.4857	1.3748	1.3196	1.1670	1.0383	0.9054	0.8829	0.8739	0.7652	0.7500	0.7697	0.8783	0.9692	1.0711	1.2232	1.4565	1.7155	2.4710	3.4535	4.4439	5.8466	6.3474	6.5438	6.3777	8.8377	9.0622	11.2645	11.3902	13.1588	14.8721	16.0778	19.6040
6.7471	6.2010	5.9766	5.9811	5.7439	5.4736	5.4040	5.2126	4.8661	4.6229	4.8077	4.4852	4.0439	4.0382	4.0609	3.7276	3.4989	3.6976	3.6732	3.3354	3.1989	3.3400	3.0293	2.4971	2.7958	2.8549	2.4812	2.2125	2.6074	2.6566	1.9654	2.2932	2.7385	2.2991	1.9051	2.5347	2.6016	2.0082	2.1019	3.0140	2.7054	2.5568	3.1810	3.9309	4.3647	5.2000	6.5016	6.2295	6.5342	6.2789	9.2668	8.7117	10.3032	10.8549	11.6582	14.3512	15.8069	18.2596	6.9314	6.3654	5.9130	5.7447	5.8030	5.5653	5.0321	5.0122	4.8592	4.4680	4.1909	4.2267	4.0102	3.7312	3.6926	3.5697	3.2962	3.0448	3.1362	2.9523	2.6882	2.5305	2.5068	2.1472	1.9961	1.9778	1.7308	1.5800	1.4406	1.3866	1.2413	1.0179	0.9696	0.9243	0.8548	0.7720	0.7500	0.7825	0.9286	1.0613	1.0929	1.3313	1.6200	2.2624	3.3545	4.7671	5.5335	6.0403	6.2605	6.5471	9.2802	9.2055	10.8319	11.2453	12.5129	15.7384	16.4495	19.6735
7.6738	7.2508	6.6374	6.7773	6.3442	6.4108	5.8893	5.7676	5.5991	5.2707	5.2141	4.9925	4.6411	4.3793	4.5193	4.1516	3.9299	4.0199	4.0402	3.6490	3.5125	3.6031	3.2019	2.8940	3.1246	3.1615	2.6702	2.4857	2.8377	2.4999	2.1398	2.1468	2.4221	2.1529	1.8788	2.3160	2.3670	2.2206	2.1786	2.7117	2.4401	2.5206	3.0816	3.6848	4.3440	5.1304	6.5887	6.7559	6.7533	7.0606	9.4342	9.2030	11.0722	10.7893	12.5034	14.5774	15.8919	18.9716	7.3698	7.2171	6.3627	6.3158	6.1837	6.0873	5.5266	5.4776	5.2736	4.9751	4.7864	4.5952	4.3631	4.0442	4.1178	3.8403	3.6134	3.3808	3.3144	3.1307	3.0060	2.7629	2.6233	2.3934	2.2454	2.0891	1.9010	1.7797	1.5749	1.4491	1.3312	1.1195	1.0788	0.9488	0.8745	0.8450	0.7732	0.7500	0.7722	0.9440	0.9723	1.0986	1.4920	2.2219	3.0406	4.2750	5.9418	6.3660	6.3873	7.1812	8.9079	9.3924	11.5280	10.8179	13.1054	15.3347	16.4790	20.0044
8.0706	7.5439	6.9911	7.0600	6.8221	6.5788	6.2661	6.2424	5.9166	5.5602	5.3929	5.3010	5.0797	4.6372	4.7110	4.6705	4.1611	4.2313	4.4631	3.9707	3.6089	3.8977	3.5385	3.1260	3.2653	3.4462	2.9103	2.6417	2.8629	2.7647	2.2310	2.3530	2.5126	2.1876	1.7672	2.4607	2.3716	1.9399	2.0476	2.8147	2.4875	2.5235	3.0873	3.6729	4.3352	5.0477	6.1667	6.4003	6.6253	7.3921	8.7061	9.1941	11.4980	12.2369	13.6832	16.3815	17.8417	20.2022	7.5004	7.3684	6.8452	6.6810	6.4679	6.3718	5.9190	5.7730	5.5541	5.1814	5.0317	4.8155	4.4809	4.2856	4.1807	3.9612	3.8494	3.6475	3.4946	3.3930	3.2250	2.9139	2.6492	2.5926	2.5196	2.2138	2.0104	1.9772	1.8729	1.6076	1.4483	1.3322	1.1983	1.1021	0.9637	0.9017	0.8950	0.7766	0.7500	0.7902	0.9879	1.0477	1.2221	1.8309	3.0305	3.6557	5.6433	6.3246	5.6602	6.1818	8.3877	8.5714	10.9927	11.2552	12.3561	15.6659	16.8477	21.2636
8.6181	8.5072	8.0158	8.0402	7.7415	7.3942	7.3369	7.1938	6.7425	6.6702	6.5425	6.1978	5.5920	5.7031	5.4100	5.1036	5.0815	4.7094	4.7495	4.4480	4.1884	4.2608	3.9844	3.5776	3.9245	3.5774	3.1560	2.9906	3.4758	3.2166	2.4561	2.8222	3.0275	2.6904	2.2118	3.1021	3.0304	2.2813	2.6671	3.7455	3.0278	2.9036	3.9799	4.7386	4.8928	5.7754	7.3243	6.8336	7.3496	7.2632	9.8298	9.0948	11.2069	11.7666	13.1129	16.7032	16.8166	18.6450	8.6316	8.3927	7.8183	7.7573	7.6680	7.4316	6.8883	6.9012	6.6438	6.3124	5.9722	6.0988	5.4752	5.1006	4.9605	5.0582	4.6309	4.2355	4.5743	4.2596	3.9358	3.7689	3.5599	3.2657	3.0618	2.9240	2.6640	2.4694	2.5336	2.2256	1.8319	1.6556	1.5773	1.5181	1.1277	1.1173	1.0502	1.0138	0.7728	0.7500	0.7904	1.1211	1.3036	1.8059	3.3575	3.9555	5.6631	6.7734	6.4431	6.9017	9.1179	8.9686	10.7677	11.0718	13.1928	15.5579	16.7668	19.9878
9.2941	9.6965	8.8614	8.8422	8.5184	8.7109	8.1036	8.0314	7.6332	7.4514	7.2072	7.0100	6.3619	6.0337	6.1665	5.6510	5.4599	5.4491	5.4640	5.1613	4.8528	5.0187	4.4600	4.1899	4.4802	4.6277	3.8067	3.6191	3.9224	3.8703	3.1563	3.5760	3.7851	3.1171	2.6310	3.5933	3.3152	2.6438	2.7845	3.6218	3.1268	2.8482	3.8201	4.5035	4.8982	5.6171	7.4384	7.0014	7.1235	6.9577	9.1517	9.3518	10.8330	10.7635	12.9144	15.5889	17.2455	19.4778	9.5625	9.8644	8.7616	8.7619	8.4037	8.5936	7.6713	7.8367	7.5694	7.0160	6.5645	6.4547	6.2139	5.7040	5.5739	5.4543	5.0833	4.7219	4.8188	4.8534	4.3815	4.0636	3.9457	3.6958	3.4166	3.3503	3.1428	2.9184	2.7937	2.5824	2.2786	1.9984	1.7419	1.7939	1.4421	1.2286	1.2170	1.0952	0.9696	0.8011	0.7500	0.7999	1.2174	1.6536	3.2363	4.0181	5.4829	6.0367	6.1847	6.7893	8.6713	8.6420	10.8011	10.8913	13.9879	15.7472	16.0909	20.1819
11.6527	11.9612	11.4350	11.6305	11.0688	10.8205	10.4977	10.0162	9.9913	9.3165	9.0332	8.8433	8.0003	7.4567	7.7320	7.2340	6.8850	6.8884	6.7719	6.5559	6.4509	6.4089	5.6939	5.5242	5.7635	6.1454	5.0889	4.8135	5.3132	4.8563	4.0268	4.6031	4.6633	4.0593	3.4929	4.2716	4.0731	2.9720	3.4400	4.2068	3.2454	3.3361	4.2909	4.9238	5.1352	6.1743	7.5092	7.9171	7.8813	7.4853	9.6411	9.6446	11.3414	11.1461	14.7703	17.8733	17.7955	18.6195	11.3112	11.7884	11.2328	11.0415	10.4782	10.8438	9.8937	9.5255	9.5169	8.7969	8.3943	8.0624	7.7360	7.1817	7.2380	6.7680	6.3536	5.9061	5.7145	5.8020	5.6036	4.9357	4.7104	4.8686	4.3851	4.2333	3.8795	3.9297	3.4928	3.1618	3.0306	2.7461	2.3103	2.1605	2.0184	1.7085	1.3941	1.2092	1.2862	1.1354	0.8004	0.7500	0.8832	1.7614	2.8609	3.9911	5.5870	6.4642	6.2799	6.5728	9.4924	8.9731	11.1842	11.4582	13.6108	16.0958	17.1259	20.2288
13.8459	14.3172	13.3970	13.7814	13.2039	13.0681	12.8187	12.6230	11.8118	12.0241	11.0819	10.9734	10.2532	10.0823	10.2746	9.1184	8.9266	8.9327	8.3803	7.9899	7.2213	7.2779	7.1234	6.7684	6.4748	6.6407	5.8889	5.8967	5.9030	5.5029	4.7332	4.6433	5.3020	4.8289	3.6006	4.4995	4.4713	3.2913	3.5252	4.5587	3.8406	3.6673	4.3908	5.8369	5.5205	6.5831	8.3255	8.0409	8.1131	7.6808	9.7822	10.0525	11.2573	12.5910	14.4635	16.1732	17.4977	20.2280	12.9867	13.4826	13.1186	13.0531	12.4554	12.6616	11.7800	11.8407	11.4074	11.2586	10.6162	10.1432	9.6869	9.0785	9.5761	8.6082	8.1173	7.6608	7.3898	7.7373	6.7937	6.3243	6.1270	5.9693	5.8248	5.7659	5.1527	5.1275	4.9116	4.1884	3.9077	4.0167	3.3121	3.2253	2.6234	2.4469	2.2699	1.7364	1.6844	1.6589	1.4314	0.8148	0.7500	1.0143	2.2802	3.5830	4.7824	6.0243	6.2064	6.1973	9.7236	10.4472	11.6313	12.1883	13.8740	16.9387	18.0900	20.7629
15.4812	15.6042	15.3476	16.0552	14.2740	14.7887	14.8891	13.6151	13.8510	13.8752	12.9100	12.3312	12.2864	12.5067	11.6729	10.7775	11.0813	10.8765	10.1212	10.3639	9.7410	9.2639	8.4526	8.6063	8.8250	8.5380	7.6212	7.9904	8.3982	6.1701	5.9625	7.1964	7.8874	5.8868	5.2558	6.9655	6.4481	4.8451	5.7365	6.7926	5.0290	5.1256	7.0622	7.9949	6.8749	7.4704	9.0092	8.6270	8.3311	7.6749	10.1966	10.1308	12.9490	13.1859	16.4608	18.0718	18.9061	21.0997	16.2309	16.3128	15.3404	15.8392	15.6594	15.0576	14.6188	14.1727	14.3022	13.4081	12.9011	13.0887	12.5998	11.5312	11.9510	11.7882	10.6967	9.9820	10.1444	10.4779	9.5717	9.3425	9.5495	8.4972	7.8039	8.0558	8.0647	7.0249	7.1268	6.3329	5.8854	5.6918	5.3755	5.5162	4.1841	4.3539	4.3028	3.1853	2.4619	2.8589	2.5585	1.9530	0.9131	0.7500	1.4678	2.7634	5.1869	5.5178	6.0755	7.0860	9.1179	9.7392	11.4076	11.8823	15.3233	15.9171	17.4492	19.4963
21.5916	21.9991	21.4831	21.9886	20.3297	20.5316	21.7354	20.4288	20.0304	19.9219	18.7097	19.6374	19.2375	19.2786	18.6678	18.2614	17.9211	16.6655	16.6904	18.5001	16.5567	15.5965	14.8323	14.3254	13.7050	14.8644	13.3510	12.7926	12.8897	10.9168	10.5766	11.3236	11.6260	10.6632	9.4638	10.8170	11.3152	8.3304	9.3537	9.8283	8.1175	7.4594	9.1206	9.1118	7.2075	9.7882	10.5416	9.3605	9.4330	8.4152	10.5179	10.2256	12.9349	14.7537	18.9536	20.2810	20.8884	22.0343	21.5984	22.3331	21.5385	21.8702	20.7353	20.7731	22.0607	20.8197	20.5546	20.1529	18.9234	19.4496	19.9628	20.0132	19.1321	18.2778	18.7101	17.4146	17.1082	17.1255	16.8944	15.7480	14.3878	14.7280	13.9625	13.4176	12.5269	12.2980	11.6114	10.0702	9.6284	9.3452	9.0629	8.6071	7.9799	7.7266	6.4567	5.9245	4.5625	3.9860	3.8000	4.4352	3.4231	1.0576	0.7500	1.6887	3.5916	4.0554	5.0063	6.2357	9.4957	9.5682	12.6946	14.0446	18.1557	19.9401	20.5877	22.1848
24.5317	25.2159	24.6020	24.7347	24.2807	24.9120	24.3212	24.0873	24.1456	22.6239	22.9385	22.3279	22.8301	22.3080	22.3689	21.5787	20.7741	20.9447	20.1433	20.5564	19.4248	20.0336	18.7597	17.5681	17.2912	18.0174	17.5904	15.6356	16.5254	13.6244	14.0843	15.3068	14.4565	12.4284	11.1418	13.4574	12.8221	10.6982	11.1913	12.8710	10.5481	8.6151	12.6409	13.2715	10.8472	11.0902	13.8126	11.7899	11.2667	9.8693	12.2310	11.8260	14.6102	15.8793	18.7046	20.7886	21.9884	23.5197	24.7472	24.6795	23.9747	25.4528	23.8389	24.6226	24.4669	24.1799	23.2758	22.3812	22.1530	22.2347	22.0366	22.1710	21.6688	21.0049	21.1988	20.3869	20.2621	20.5074	18.5981	19.5263	17.4131	17.9076	17.8353	17.2391	17.0962	16.1861	16.5862	12.3953	13.8107	13.5873	12.1652	10.5009	10.8417	10.4606	9.8841	8.3009	8.6373	6.5776	5.2174	5.0984	4.7511	4.6694	1.1094	0.7500	1.7503	3.8309	5.2504	6.8145	9.4979	10.9644	13.6829	14.9907	18.9359	21.3098	21.9343	23.6051
24.1181	25.0114	24.2298	24.3617	23.4142	24.9337	24.6840	23.5151	24.5150	23.2144	22.1517	22.8262	22.6447	22.2971	21.7133	22.3041	21.6025	20.3852	20.6021	20.4900	19.9955	19.6343	17.6754	18.3100	18.4606	18.1526	17.0497	15.6794	17.3460	13.2400	14.6318	14.9995	14.7682	12.7161	11.7681	14.5359	12.2942	10.7725	10.7743	11.0578	9.6016	8.9682	11.5732	12.3034	10.2473	10.2411	13.2057	11.1369	9.7988	9.0502	10.8134	11.8554	14.1556	15.4819	18.1051	20.0611	20.9251	23.2036	24.3462	25.6026	23.7548	25.1673	24.6721	24.3280	25.0621	24.3261	23.7691	23.0793	22.6584	23.4205	22.0966	22.7278	21.7656	22.8244	21.4724	20.6567	20.5590	21.0123	19.4798	20.6177	18.2055	17.9749	17.5754	17.6987	17.8594	15.1262	16.4124	13.9857	15.2787	14.1319	14.0959	12.6284	11.7861	12.7589	11.9742	9.9664	8.4318	8.8141	7.8930	6.1031	5.1737	5.2734	2.9495	1.1064	0.7500	1.6175	3.3533	5.9648	8.5804	9.4494	13.4683	13.7948	16.3932	19.2369	20.2802	21.6109
25.3377	26.0079	25.6131	26.3786	25.4199	25.8069	26.0225	25.2948	25.4157	23.4233	24.4070	23.8504	23.9654	23.6758	23.2799	23.0427	22.1671	22.6642	22.1668	22.3747	21.7686	22.2243	19.8694	19.7905	19.5719	20.8791	19.7200	17.8231	20.0491	16.8124	16.3454	16.4423	16.9590	14.9199	14.7569	15.6252	15.0920	13.2125	14.0534	15.0507	11.2258	11.6809	14.5511	13.2443	12.1806	11.7355	13.5161	10.2522	10.3690	9.5120	11.1988	11.7820	14.8787	16.8537	19.6407	21.3491	22.8804	24.0187	25.4116	27.0777	25.7909	25.6646	25.6412	26.0743	26.4291	25.3683	25.5914	24.2570	24.2318	23.6607	24.6580	24.5911	23.1782	23.8010	23.3358	23.0645	23.2155	22.6134	21.8751	22.5459	20.0808	20.5365	19.8679	19.7256	18.9942	17.5037	17.9622	15.0643	16.3147	15.3080	16.0131	14.2001	13.2355	13.6706	14.1722	12.6720	9.9191	10.0400	8.9728	8.5285	7.4529	6.6369	6.3171	3.3344	1.2612	0.7500	1.8855	4.2485	6.4791	8.6702	11.1121	13.3923	16.0503	18.5951	21.2256	22.1500
27.3802	28.1589	27.0553	27.5921	27.9247	28.2016	27.4018	27.2644	27.1651	26.7711	26.8995	26.8369	26.5323	25.7893	25.0705	25.9496	25.8240	24.5303	24.6082	24.9198	24.8630	24.5189	23.8080	23.4616	23.1868	23.0250	22.6542	21.8903	22.1086	20.9451	21.4141	20.4949	19.9138	19.5079	18.5036	18.4581	18.1294	16.0481	16.3810	16.8443	12.6319	13.1903	15.3738	13.0627	10.8453	12.5585	12.9201	10.5095	10.4581	10.1312	11.6231	12.6051	15.5501	17.5137	21.3578	22.4589	23.6190	25.8325	27.6897	28.1090	26.8489	28.0050	27.7766	28.2218	28.0337	27.7329	27.3567	26.6975	27.0996	27.1047	26.6306	26.4095	25.6778	26.1932	26.0167	25.0035	25.4029	24.8812	25.4471	25.0301	23.9811	23.6598	23.4642	22.7684	22.5907	22.3187	21.9462	19.9996	21.1323	19.2303	17.8021	16.9348	17.1642	16.3880	15.9368	14.9622	14.1828	11.9033	11.4839	10.9741	11.1264	8.6862	7.1762	5.9242	4.0000	1.7370	0.7500	1.5387	3.1681	5.6179	7.6015	10.5521	14.1812	17.1651	19.0752	23.6354
26.2777	27.6438	26.7237	26.4535	26.4224	26.9186	26.5351	26.2422	26.2525	25.9380	25.3608	25.2202	25.2139	24.7770	24.3049	24.9900	23.4607	23.1151	24.0014	23.4597	22.3120	23.1435	21.3479	21.4252	21.5072	21.0683	20.4875	18.9993	20.3659	17.5370	18.8207	18.7064	17.5328	17.4132	16.9369	16.9056	15.3807	14.3525	14.3241	14.8258	11.8760	11.0325	12.9101	12.4924	10.4167	10.2716	11.6762	10.2067	9.5506	6.8058	10.4795	11.3705	12.7925	14.6050	18.8609	20.0881	22.7517	24.4204	26.0560	27.0402	26.8110	26.8282	26.3465	26.4326	27.0887	26.4947	25.9630	25.8385	26.1053	25.2816	25.1721	25.7483	24.2511	25.0482	24.3429	24.4272	23.8759	22.8128	23.0097	23.1455	21.5277	22.0538	22.3070	21.5231	19.9270	19.9947	20.7196	16.9665	19.0198	18.5666	17.1786	16.7544	15.3050	15.1005	14.5243	13.6522	12.2632	12.8427	11.0318	9.2934	10.3484	9.7445	7.8113	6.0994	5.8600	3.9003	1.4691	0.7500	1.7895	3.3837	5.0603	6.7484	8.0610	11.4400	13.5702	16.2115
26.0846	27.2724	26.4677	26.7674	26.2729	26.4789	25.8356	25.7471	26.1862	25.3066	25.0490	25.2380	25.4802	24.8268	24.5282	24.5835	23.9742	23.4634	23.6169	23.4175	23.4027	23.0330	22.3172	21.1786	21.2366	20.2814	20.3301	20.0196	19.7918	16.8302	18.0828	18.6459	16.9632	16.0956	15.8311	16.3598	14.5367	13.6798	13.4771	14.5060	12.4648	10.9548	13.1364	12.5467	11.1762	11.2425	12.2187	11.1492	10.3240	9.4034	10.8620	11.4986	13.9409	16.1723	17.9832	20.9451	23.0352	25.0150	26.6460	26.8063	26.4185	27.1116	26.4704	26.0611	26.6068	26.2804	25.7726	25.4172	25.7339	25.9375	25.7220	25.7339	25.0699	25.2196	24.5135	24.5471	24.5156	24.1092	23.4501	24.1894	22.9885	22.1788	22.5441	22.3214	21.2557	20.8981	21.0070	19.3818	19.2692	18.8438	18.1267	16.7584	16.1459	16.5918	15.3092	13.9567	13.7482	14.6504	12.3048	10.6405	12.2941	11.6863	9.5496	7.8976	8.5421	5.2490	3.1917	1.0934	0.7500	1.6287	2.7516	3.9325	5.8101	7.8300	10.1747	13.3745
26.9498	27.3978	26.9286	26.3328	25.7206	26.9488	25.8705	25.8914	25.7735	24.7497	25.4572	25.0452	25.6618	24.5463	24.1984	24.6818	23.6118	23.6123	23.5293	23.7514	22.1704	23.1634	21.4029	21.0409	22.2214	20.1606	19.9960	21.1851	20.2982	17.0828	18.4779	18.6112	17.2655	16.9862	16.8699	17.8818	14.2230	13.8773	14.7925	15.1417	12.2663	12.8136	14.5557	13.3533	11.4474	12.2021	14.1031	12.6723	11.3068	11.4862	13.1296	12.3144	15.1589	15.5625	19.1063	20.3655	22.8476	25.7115	26.8327	27.4968	27.0273	26.6536	26.0308	27.1158	26.6379	26.3818	26.1604	25.2916	25.8396	25.7834	25.7394	25.2209	25.0858	25.0855	24.2465	24.2167	24.7570	23.4659	23.4449	23.9138	22.5487	21.8575	22.4186	21.4795	20.8195	20.7891	20.9314	17.3510	18.8204	18.5162	18.1975	18.9970	14.6166	18.4129	17.1254	15.1383	14.0423	14.8314	13.7881	10.8244	12.8373	11.2985	10.6268	8.1326	8.9328	7.1469	4.3089	2.8470	1.2511	0.7500	1.6276	2.9607	4.4477	6.1606	7.7265	10.2302
26.5335	27.3527	26.4382	25.9286	26.5700	26.8025	26.2005	25.9534	26.3294	25.1935	25.4504	25.6454	25.2966	25.2351	24.5356	25.0161	23.7746	23.5464	23.4855	24.3438	23.4368	22.6399	20.9488	20.8572	21.2495	19.1604	19.6083	20.0319	19.5273	17.3828	17.7167	18.7554	17.8823	16.6486	15.7346	16.9342	16.1419	15.1187	15.0249	16.2883	14.1970	12.3665	14.3291	14.1452	11.5723	12.6565	14.2218	12.4066	11.9567	10.9582	12.9061	12.9681	16.0345	16.1137	19.3573	21.4639	22.9916	25.1469	27.6600	27.0193	26.4400	26.9682	26.8680	26.8155	26.8485	27.0265	26.0461	25.4607	26.5128	26.7320	25.8313	26.1527	25.7356	25.5888	24.6389	24.8951	25.0009	25.3055	23.3306	24.3131	23.2331	20.8390	22.0384	21.7825	21.0377	19.5495	19.8717	17.9245	18.5220	17.0037	18.6027	18.0483	14.9655	16.2267	16.1383	14.4472	14.6479	14.8356	12.7676	12.1513	14.0661	13.1559	10.4074	9.9418	11.4764	8.3742	5.9791	4.1731	3.1353	1.1485	0.7500	1.4312	2.8424	4.4219	6.0338	7.4419
27.5133	27.6687	27.2135	26.7790	26.3895	27.5581	27.0936	26.3607	26.1837	25.8020	26.3853	25.7764	25.6726	25.5494	24.8537	24.5403	24.9520	24.2553	23.2706	23.7227	23.5623	23.0377	20.6947	22.1176	22.5126	20.3497	20.0704	20.6626	20.9314	18.5475	18.5625	18.9636	17.9735	17.0693	16.4431	17.1932	15.7019	14.5619	15.1950	15.9408	14.5859	13.8264	15.8867	14.4752	12.6564	14.3457	15.6106	13.1984	13.9522	13.1279	15.1110	14.7202	16.0295	17.0063	18.0022	20.8047	22.6978	26.0642	28.0625	28.4355	27.1617	27.0660	27.1019	27.9122	27.3825	27.2457	27.0198	26.2160	26.9550	27.0261	26.5858	26.1097	26.2785	25.6944	24.9937	24.8072	24.9817	24.1764	23.6066	24.0033	23.4799	21.8192	22.1413	22.8935	21.0098	20.4940	21.5133	18.7566	18.8709	17.4228	18.7215	17.3288	15.6501	16.7807	16.7705	14.6850	14.6341	15.0192	13.2377	12.0040	13.9809	13.6401	11.8342	10.9396	12.7604	11.6762	8.1887	6.1384	4.2045	2.9655	1.3410	0.7500	1.6414	3.0550	4.9005	6.3097
27.5417	28.1752	26.9142	26.7952	26.5405	27.6836	27.0080	25.9653	26.7894	25.8801	26.6290	26.0569	25.7931	25.5155	24.9278	25.1906	24.3487	24.3019	24.3212	24.7922	25.2060	24.0305	21.3664	21.6398	22.8211	21.3200	20.7040	21.4661	21.2164	18.7880	18.3846	19.4275	18.8332	17.3396	16.5174	18.0590	17.0976	14.7226	15.2444	16.5295	14.7065	13.2956	15.9453	14.6678	13.4486	14.0834	15.8640	14.6380	15.2407	14.4838	15.4038	15.2297	16.9769	17.7427	20.0648	20.7237	22.8012	25.0663	28.1905	28.3853	27.3014	27.1959	27.4992	27.9637	27.5588	27.0165	27.6488	26.5894	27.4435	27.5760	26.7082	26.1497	26.2631	26.3898	24.5254	24.9719	25.6832	25.5332	25.0590	25.1054	23.7109	22.3458	22.8582	23.2124	22.2181	21.2868	21.5069	19.8508	19.1035	17.8253	19.6577	18.1703	16.9764	17.6405	16.6715	15.6635	14.8505	15.3494	13.8280	12.2781	14.2295	13.9701	12.1060	11.5823	13.8036	12.4112	10.0316	7.7071	6.2022	4.3584	3.2706	1.4665	0.7500	1.5719	3.4217	4.7125
27.5982	28.4574	28.3666	28.1167	27.6802	28.6317	28.2570	27.2916	27.3394	27.6303	27.5704	27.3018	26.2552	26.7324	25.9349	25.5546	25.7132	25.0674	24.4711	25.0227	25.6681	24.1827	22.7452	23.7232	24.2379	22.6149	21.4056	21.7354	22.3002	19.3174	19.3272	20.2689	19.0248	18.2093	17.3303	18.7888	16.7584	15.3210	16.2797	17.0236	14.8820	15.8466	17.4903	15.6206	15.2336	15.7231	17.4208	15.8300	16.7795	17.3122	17.9101	17.0955	18.7489	18.8947	20.7305	23.0107	23.8295	26.8086	28.7688	29.2121	28.2337	28.1004	28.3232	29.1201	28.5081	27.9891	28.4757	27.6923	27.9396	28.5755	27.0615	26.5151	27.1077	27.7256	25.7400	25.6938	26.9674	26.0486	25.9471	25.9161	25.1239	23.5826	24.3755	24.1853	23.1998	21.4766	22.7298	20.6875	19.5752	19.7804	19.7150	19.6126	17.5114	18.1677	18.1583	15.8508	16.1912	17.2135	15.5539	13.2374	15.2662	16.2248	14.7283	13.2639	15.9873	15.3255	12.4846	11.1986	7.7603	5.9648	4.7080	3.3957	1.5034	0.7500	1.6813	3.1947
28.6013	29.6929	28.6027	29.1599	29.1933	29.6998	28.7671	28.4154	28.7987	28.7601	28.1724	28.4212	27.4265	27.6037	26.9369	26.6584	26.4341	26.0083	25.6998	26.5578	27.1791	25.7011	24.0309	24.4096	25.1605	23.4446	22.4614	23.4489	23.2093	20.7126	20.3193	20.9591	20.3899	19.3351	18.8408	18.7082	18.2485	15.8304	16.9868	18.6815	16.4862	16.5802	17.8957	17.0328	17.3309	17.6064	19.9255	18.8812	19.3231	18.5315	18.5615	18.3477	18.4942	19.8199	20.5226	22.7910	23.9800	26.0815	29.4868	29.9126	28.8701	29.2835	29.4961	29.8578	29.3794	29.2988	29.4212	28.6903	29.2850	29.4946	27.7092	27.9666	28.2823	28.2787	26.2401	26.5965	27.4664	27.3798	27.4218	27.0421	26.3098	24.7343	25.0522	25.2572	24.5561	23.1171	23.7146	22.1909	20.9826	20.8652	21.1693	20.3370	18.3985	18.9822	19.0633	16.2960	16.1503	17.5823	16.4234	14.2308	15.6577	17.6243	16.6692	14.4029	17.4276	16.7080	15.4220	13.7634	11.0345	8.0585	6.7206	5.1931	3.5356	1.6342	0.7500	1.6007
29.6959	30.6220	30.1570	30.0903	29.9343	30.2269	29.7168	29.4478	29.6917	29.5143	29.0430	28.9359	29.0214	29.2054	27.9083	27.3614	27.6279	27.2437	25.4109	27.1562	26.9476	25.6101	24.4513	25.4396	25.1223	23.4484	23.5116	23.0724	23.1013	21.1082	21.7405	21.8200	19.9484	19.3119	19.7984	20.0223	17.6801	16.6854	17.2992	17.1419	15.0564	17.8129	18.7592	16.8335	16.9494	18.6646	19.5961	18.5351	20.3114	19.8611	19.7751	18.8194	20.0926	21.2933	22.3791	23.4769	24.6779	27.1848	30.1419	30.6793	29.9628	30.0821	29.9314	30.3688	29.8868	29.5965	29.9390	29.4846	29.3393	29.7237	28.9692	29.0382	29.1375	28.7534	27.8186	27.7558	27.6439	28.0188	26.8541	27.1264	26.5622	25.4454	24.8325	25.7809	24.8485	22.6140	23.6758	22.8734	22.5768	20.9169	21.9178	20.3798	18.5034	19.8296	19.9492	17.3075	16.3917	19.3538	18.1880	15.4028	16.6328	19.3898	17.9268	16.2747	19.7113	19.2224	17.8877	15.6154	12.9572	10.7138	7.6905	6.7011	5.1587	3.9340	1.6025	0.7508
