Positions	rank_0	rank_1	rank_2	rank_3	rank_4	rank_5	rank_6	rank_7	rank_8	rank_9	rank_10	rank_11	rank_12	rank_13	rank_14	rank_15	rank_16	rank_17	rank_18	rank_19	rank_20	rank_21	rank_22	rank_23	rank_24	rank_25	rank_26	rank_27	rank_28	rank_29	rank_30	rank_31	rank_32	rank_33	rank_34	rank_35	rank_36	rank_37	rank_38	rank_39	rank_40	rank_41	rank_42	rank_43	rank_44	rank_45	rank_46	rank_47	rank_48	rank_49	rank_50
0	86.93	88.29	86.22	89.98	86.41	89.58	89.76	85.79	85.98	89.65	87.61	87.12	89.73	87.61	87.37	87.21	87.69	87.03	86.44	86.47	88.1	89.24	88.24	88.77	86.42	86.93	87.37	87.69	87.21	87.61	87.61	89.58	89.73	89.65	89.98	89.76	88.29	89.24	88.1	88.77	88.24	86.42	85.79	85.98	86.22	86.41	86.47	87.03	86.44	86.93	87.12
1	92.94	92.64	93.39	94.95	93.25	94.59	94.94	93.2	93.14	94.62	92.98	93.23	94.87	92.73	92.46	93.11	92.93	92.84	93.11	92.93	92.88	93.51	93.04	93.22	93.58	92.94	92.46	92.93	93.11	92.98	92.73	94.59	94.87	94.62	94.95	94.94	92.64	93.51	92.88	93.22	93.04	93.58	93.2	93.14	93.39	93.25	92.93	92.84	93.11	92.94	93.23
2	94.24	93.02	93.42	94.4	93.22	93.71	94.43	93.01	93.19	93.91	92.84	94.6	94.24	92.5	91.87	92.64	92.15	94.14	94.38	94.11	93.44	94.15	93.67	93.85	93.6	94.24	91.87	92.15	92.64	92.84	92.5	93.71	94.24	93.91	94.4	94.43	93.02	94.15	93.44	93.85	93.67	93.6	93.01	93.19	93.42	93.22	94.11	94.14	94.38	94.24	94.6
3	94.11	92.69	94.02	95.96	93.74	95.37	95.78	93.7	93.9	95.42	94.66	94.29	95.7	94.41	93.93	94.19	94.1	93.91	94.11	94.1	93.39	93.7	93.53	93.39	94.06	94.11	93.93	94.1	94.19	94.66	94.41	95.37	95.7	95.42	95.96	95.78	92.69	93.7	93.39	93.39	93.53	94.06	93.7	93.9	94.02	93.74	94.1	93.91	94.11	94.11	94.29
4	96.44	95.34	96.33	97.05	96.19	96.8	97.05	96.16	96.09	96.82	96.33	96.59	96.91	96.17	95.92	96.12	95.99	96.43	96.51	96.49	95.66	96.03	95.75	95.84	96.32	96.44	95.92	95.99	96.12	96.33	96.17	96.8	96.91	96.82	97.05	97.05	95.34	96.03	95.66	95.84	95.75	96.32	96.16	96.09	96.33	96.19	96.49	96.43	96.51	96.44	96.59
5	97.24	96.31	96.54	97.81	96.37	97.62	97.77	96.41	96.29	97.64	96.74	97.38	97.71	96.7	96.5	96.6	96.54	97.18	97.19	97.24	96.44	96.78	96.57	96.58	96.59	97.24	96.5	96.54	96.6	96.74	96.7	97.62	97.71	97.64	97.81	97.77	96.31	96.78	96.44	96.58	96.57	96.59	96.41	96.29	96.54	96.37	97.24	97.18	97.19	97.24	97.38
6	97.59	96.36	96.69	97.81	96.66	97.56	97.79	96.5	96.45	97.66	96.89	97.64	97.67	96.79	96.63	96.58	96.55	97.54	97.56	97.52	96.52	96.88	96.73	96.67	96.87	97.59	96.63	96.55	96.58	96.89	96.79	97.56	97.67	97.66	97.81	97.79	96.36	96.88	96.52	96.67	96.73	96.87	96.5	96.45	96.69	96.66	97.52	97.54	97.56	97.59	97.64
7	97.59	96.66	97.35	97.59	97.36	97.45	97.51	97.3	97.27	97.42	97.0	97.63	97.4	96.98	96.78	96.7	96.7	97.53	97.53	97.53	96.96	97.11	97.0	96.99	97.44	97.59	96.78	96.7	96.7	97.0	96.98	97.45	97.4	97.42	97.59	97.51	96.66	97.11	96.96	96.99	97.0	97.44	97.3	97.27	97.35	97.36	97.53	97.53	97.53	97.59	97.63
8	97.92	97.35	97.45	98.13	97.44	98.06	98.15	97.37	97.31	98.06	97.86	97.95	98.05	97.75	97.71	97.69	97.63	97.91	97.89	97.91	97.6	97.71	97.62	97.58	97.57	97.92	97.71	97.63	97.69	97.86	97.75	98.06	98.05	98.06	98.13	98.15	97.35	97.71	97.6	97.58	97.62	97.57	97.37	97.31	97.45	97.44	97.91	97.91	97.89	97.92	97.95
9	98.17	97.26	97.71	98.1	97.65	98.08	98.12	97.56	97.55	98.03	97.78	98.19	98.0	97.64	97.56	97.55	97.36	98.13	98.14	98.11	97.43	97.58	97.48	97.47	97.78	98.17	97.56	97.36	97.55	97.78	97.64	98.08	98.0	98.03	98.1	98.12	97.26	97.58	97.43	97.47	97.48	97.78	97.56	97.55	97.71	97.65	98.11	98.13	98.14	98.17	98.19
10	98.28	97.43	97.77	98.13	97.78	98.07	98.15	97.66	97.66	98.04	97.73	98.31	98.0	97.62	97.53	97.51	97.45	98.26	98.25	98.26	97.67	97.78	97.7	97.67	97.88	98.28	97.53	97.45	97.51	97.73	97.62	98.07	98.0	98.04	98.13	98.15	97.43	97.78	97.67	97.67	97.7	97.88	97.66	97.66	97.77	97.78	98.26	98.26	98.25	98.28	98.31
11	98.16	97.23	97.42	97.8	97.42	97.75	97.8	97.34	97.34	97.68	97.38	98.17	97.61	97.2	97.06	97.17	97.02	98.14	98.11	98.14	97.54	97.64	97.54	97.57	97.58	98.16	97.06	97.02	97.17	97.38	97.2	97.75	97.61	97.68	97.8	97.8	97.23	97.64	97.54	97.57	97.54	97.58	97.34	97.34	97.42	97.42	98.14	98.14	98.11	98.16	98.17
12	98.26	97.5	97.53	97.74	97.48	97.76	97.76	97.37	97.43	97.69	97.53	98.25	97.62	97.37	97.3	97.28	97.13	98.21	98.23	98.2	97.78	97.87	97.77	97.77	97.68	98.26	97.3	97.13	97.28	97.53	97.37	97.76	97.62	97.69	97.74	97.76	97.5	97.87	97.78	97.77	97.77	97.68	97.37	97.43	97.53	97.48	98.2	98.21	98.23	98.26	98.25
13	98.41	97.72	98.04	97.89	97.96	97.86	97.92	97.91	97.92	97.77	97.86	98.42	97.7	97.74	97.68	97.64	97.45	98.39	98.38	98.37	97.87	97.98	97.88	97.9	98.16	98.41	97.68	97.45	97.64	97.86	97.74	97.86	97.7	97.77	97.89	97.92	97.72	97.98	97.87	97.9	97.88	98.16	97.91	97.92	98.04	97.96	98.37	98.39	98.38	98.41	98.42
14	97.88	97.04	97.42	97.42	97.42	97.38	97.46	97.16	97.24	97.34	97.22	97.94	97.2	97.13	97.01	97.01	96.82	97.91	97.85	97.85	97.32	97.39	97.31	97.25	97.59	97.88	97.01	96.82	97.01	97.22	97.13	97.38	97.2	97.34	97.42	97.46	97.04	97.39	97.32	97.25	97.31	97.59	97.16	97.24	97.42	97.42	97.85	97.91	97.85	97.88	97.94
15	98.06	97.32	97.52	96.96	97.45	96.89	96.92	97.37	97.44	96.79	97.15	98.06	96.73	97.0	96.88	96.82	96.57	98.05	98.01	98.03	97.59	97.66	97.55	97.51	97.71	98.06	96.88	96.57	96.82	97.15	97.0	96.89	96.73	96.79	96.96	96.92	97.32	97.66	97.59	97.51	97.55	97.71	97.37	97.44	97.52	97.45	98.03	98.05	98.01	98.06	98.06
16	97.84	96.76	97.16	96.71	97.18	96.75	96.76	96.95	97.02	96.58	96.47	97.8	96.53	96.1	96.1	95.98	95.5	97.81	97.71	97.76	97.09	97.23	97.07	97.02	97.38	97.84	96.1	95.5	95.98	96.47	96.1	96.75	96.53	96.58	96.71	96.76	96.76	97.23	97.09	97.02	97.07	97.38	96.95	97.02	97.16	97.18	97.76	97.81	97.71	97.84	97.8
17	97.77	96.92	97.15	96.41	97.09	96.51	96.54	96.88	96.97	96.25	96.27	97.77	96.24	96.01	95.92	95.79	95.39	97.76	97.7	97.69	97.18	97.27	97.18	97.17	97.41	97.77	95.92	95.39	95.79	96.27	96.01	96.51	96.24	96.25	96.41	96.54	96.92	97.27	97.18	97.17	97.18	97.41	96.88	96.97	97.15	97.09	97.69	97.76	97.7	97.77	97.77
18	97.57	96.53	96.73	95.58	96.66	95.7	95.57	96.49	96.62	95.2	95.3	97.58	95.11	94.94	94.74	94.62	94.16	97.59	97.52	97.42	96.93	96.94	96.83	96.83	97.01	97.57	94.74	94.16	94.62	95.3	94.94	95.7	95.11	95.2	95.58	95.57	96.53	96.94	96.93	96.83	96.83	97.01	96.49	96.62	96.73	96.66	97.42	97.59	97.52	97.57	97.58
19	96.56	95.02	95.2	93.82	95.1	94.1	94.02	94.76	95.14	93.45	93.5	96.46	93.88	93.23	92.87	92.42	91.95	96.62	96.31	96.34	95.87	95.78	95.75	95.49	95.75	96.56	92.87	91.95	92.42	93.5	93.23	94.1	93.88	93.45	93.82	94.02	95.02	95.78	95.87	95.49	95.75	95.75	94.76	95.14	95.2	95.1	96.34	96.62	96.31	96.56	96.46
20	96.65	96.09	95.68	94.2	95.61	94.29	94.4	95.1	95.69	93.82	94.17	96.37	94.03	93.74	93.33	93.03	92.5	96.29	96.35	95.92	96.33	96.35	96.25	96.26	96.2	96.65	93.33	92.5	93.03	94.17	93.74	94.29	94.03	93.82	94.2	94.4	96.09	96.35	96.33	96.26	96.25	96.2	95.1	95.69	95.68	95.61	95.92	96.29	96.35	96.65	96.37
21	96.92	95.41	95.81	93.56	95.65	93.75	93.65	95.36	95.73	93.05	93.61	96.78	93.14	93.53	93.09	93.04	92.24	96.88	96.7	96.58	95.88	95.85	95.74	95.58	96.31	96.92	93.09	92.24	93.04	93.61	93.53	93.75	93.14	93.05	93.56	93.65	95.41	95.85	95.88	95.58	95.74	96.31	95.36	95.73	95.81	95.65	96.58	96.88	96.7	96.92	96.78
22	96.05	94.91	95.65	93.14	95.65	93.48	93.15	95.31	95.58	92.74	92.64	95.66	92.66	92.31	91.9	91.77	90.75	96.04	95.44	95.45	95.63	95.57	95.51	94.78	96.16	96.05	91.9	90.75	91.77	92.64	92.31	93.48	92.66	92.74	93.14	93.15	94.91	95.57	95.63	94.78	95.51	96.16	95.31	95.58	95.65	95.65	95.45	96.04	95.44	96.05	95.66
23	94.55	93.06	94.52	88.99	94.46	89.41	89.36	93.86	94.4	88.53	88.92	94.02	88.78	88.22	88.11	87.54	86.4	94.54	93.88	93.75	94.11	93.69	93.63	93.46	95.27	94.55	88.11	86.4	87.54	88.92	88.22	89.41	88.78	88.53	88.99	89.36	93.06	93.69	94.11	93.46	93.63	95.27	93.86	94.4	94.52	94.46	93.75	94.54	93.88	94.55	94.02
24	95.58	93.96	94.44	88.88	94.28	88.91	88.9	93.72	94.39	87.91	89.96	95.45	88.21	88.93	88.7	87.92	86.66	95.54	95.21	94.95	94.82	94.59	94.45	94.38	95.21	95.58	88.7	86.66	87.92	89.96	88.93	88.91	88.21	87.91	88.88	88.9	93.96	94.59	94.82	94.38	94.45	95.21	93.72	94.39	94.44	94.28	94.95	95.54	95.21	95.58	95.45
25	96.25	95.61	96.14	92.82	96.17	93.06	93.01	95.85	96.22	92.32	92.41	96.1	92.56	92.03	92.02	91.5	90.54	96.32	96.0	95.79	95.86	95.89	95.78	95.57	96.7	96.25	92.02	90.54	91.5	92.41	92.03	93.06	92.56	92.32	92.82	93.01	95.61	95.89	95.86	95.57	95.78	96.7	95.85	96.22	96.14	96.17	95.79	96.32	96.0	96.25	96.1
26	94.81	93.27	94.79	87.22	94.66	87.84	87.79	94.13	94.86	86.5	85.85	94.39	87.18	85.17	85.01	84.58	83.32	94.94	94.31	94.18	94.03	93.62	93.77	93.49	95.61	94.81	85.01	83.32	84.58	85.85	85.17	87.84	87.18	86.5	87.22	87.79	93.27	93.62	94.03	93.49	93.77	95.61	94.13	94.86	94.79	94.66	94.18	94.94	94.31	94.81	94.39
27	93.55	92.26	92.64	84.64	92.59	84.86	85.15	92.01	92.83	83.77	83.05	93.33	84.29	82.79	82.87	82.47	81.68	93.67	93.04	92.91	92.83	92.34	92.53	92.35	93.68	93.55	82.87	81.68	82.47	83.05	82.79	84.86	84.29	83.77	84.64	85.15	92.26	92.34	92.83	92.35	92.53	93.68	92.01	92.83	92.64	92.59	92.91	93.67	93.04	93.55	93.33
28	95.75	94.14	95.88	89.33	95.8	89.34	89.33	95.45	95.98	88.55	89.52	95.53	89.12	88.7	88.67	88.28	86.56	95.65	95.32	95.16	95.05	94.62	94.68	94.63	96.55	95.75	88.67	86.56	88.28	89.52	88.7	89.34	89.12	88.55	89.33	89.33	94.14	94.62	95.05	94.63	94.68	96.55	95.45	95.98	95.88	95.8	95.16	95.65	95.32	95.75	95.53
29	94.63	92.95	96.2	89.44	96.1	90.99	91.0	95.73	96.44	89.09	88.11	94.22	90.53	87.89	87.76	87.35	85.49	94.73	93.97	93.91	93.38	93.06	93.38	93.15	96.97	94.63	87.76	85.49	87.35	88.11	87.89	90.99	90.53	89.09	89.44	91.0	92.95	93.06	93.38	93.15	93.38	96.97	95.73	96.44	96.2	96.1	93.91	94.73	93.97	94.63	94.22
30	92.95	90.22	95.74	84.81	95.68	86.1	86.31	95.03	95.99	84.48	81.91	92.78	86.02	81.58	81.57	81.25	79.77	93.37	92.49	92.57	91.15	90.56	90.99	90.57	96.65	92.95	81.57	79.77	81.25	81.91	81.58	86.1	86.02	84.48	84.81	86.31	90.22	90.56	91.15	90.57	90.99	96.65	95.03	95.99	95.74	95.68	92.57	93.37	92.49	92.95	92.78
31	94.77	93.65	96.05	87.02	95.98	87.88	87.83	95.6	96.35	86.73	87.54	94.49	87.39	86.74	86.71	86.37	84.15	94.88	94.27	94.12	94.74	93.94	94.45	94.49	96.83	94.77	86.71	84.15	86.37	87.54	86.74	87.88	87.39	86.73	87.02	87.83	93.65	93.94	94.74	94.49	94.45	96.83	95.6	96.35	96.05	95.98	94.12	94.88	94.27	94.77	94.49
32	92.79	90.59	95.28	87.93	95.27	88.8	89.1	94.9	95.73	87.17	87.34	92.63	88.64	87.0	86.85	86.51	85.29	93.1	92.39	92.37	92.34	91.18	92.01	91.91	96.3	92.79	86.85	85.29	86.51	87.34	87.0	88.8	88.64	87.17	87.93	89.1	90.59	91.18	92.34	91.91	92.01	96.3	94.9	95.73	95.28	95.27	92.37	93.1	92.39	92.79	92.63
33	88.61	86.1	93.54	83.65	93.76	83.86	84.58	93.01	94.31	83.39	81.75	88.33	84.45	81.38	81.22	80.99	79.65	88.75	87.96	88.06	87.4	86.96	87.3	87.06	95.45	88.61	81.22	79.65	80.99	81.75	81.38	83.86	84.45	83.39	83.65	84.58	86.1	86.96	87.4	87.06	87.3	95.45	93.01	94.31	93.54	93.76	88.06	88.75	87.96	88.61	88.33
34	91.07	88.35	94.46	83.73	94.56	83.76	84.64	93.82	95.2	83.2	82.98	90.84	84.41	82.68	82.51	82.09	80.95	91.16	90.45	90.61	89.22	88.36	89.04	88.63	96.15	91.07	82.51	80.95	82.09	82.98	82.68	83.76	84.41	83.2	83.73	84.64	88.35	88.36	89.22	88.63	89.04	96.15	93.82	95.2	94.46	94.56	90.61	91.16	90.45	91.07	90.84
35	88.35	86.32	91.74	82.22	91.85	82.29	82.54	91.59	92.56	81.67	82.6	88.12	82.75	82.08	81.82	82.0	80.7	88.61	87.99	88.02	88.97	87.42	88.67	88.18	93.48	88.35	81.82	80.7	82.0	82.6	82.08	82.29	82.75	81.67	82.22	82.54	86.32	87.42	88.97	88.18	88.67	93.48	91.59	92.56	91.74	91.85	88.02	88.61	87.99	88.35	88.12
36	84.66	84.03	89.26	82.0	89.24	82.36	82.67	88.64	90.15	81.33	82.91	84.43	82.74	82.57	82.39	82.5	81.53	84.83	84.32	84.31	85.11	84.5	84.72	84.6	91.32	84.66	82.39	81.53	82.5	82.91	82.57	82.36	82.74	81.33	82.0	82.67	84.03	84.5	85.11	84.6	84.72	91.32	88.64	90.15	89.26	89.24	84.31	84.83	84.32	84.66	84.43
37	82.8	80.62	83.95	76.32	83.89	77.05	77.31	83.44	84.1	75.64	76.16	82.56	77.43	76.29	75.38	75.55	73.88	82.9	82.36	82.63	81.92	81.38	81.47	81.28	85.09	82.8	75.38	73.88	75.55	76.16	76.29	77.05	77.43	75.64	76.32	77.31	80.62	81.38	81.92	81.28	81.47	85.09	83.44	84.1	83.95	83.89	82.63	82.9	82.36	82.8	82.56
38	82.81	81.8	85.06	77.15	84.92	77.66	78.02	84.29	85.11	76.65	78.0	82.67	77.97	78.06	77.59	77.31	76.31	82.9	82.57	82.63	83.43	82.65	83.07	82.55	86.33	82.81	77.59	76.31	77.31	78.0	78.06	77.66	77.97	76.65	77.15	78.02	81.8	82.65	83.43	82.55	83.07	86.33	84.29	85.11	85.06	84.92	82.63	82.9	82.57	82.81	82.67
39	80.76	79.64	83.27	76.95	83.38	76.8	76.59	83.04	83.66	75.73	79.62	80.76	76.86	79.01	78.44	78.55	77.87	81.08	80.59	80.43	81.63	80.43	81.21	80.34	84.91	80.76	78.44	77.87	78.55	79.62	79.01	76.8	76.86	75.73	76.95	76.59	79.64	80.43	81.63	80.34	81.21	84.91	83.04	83.66	83.27	83.38	80.43	81.08	80.59	80.76	80.76
40	77.49	76.21	79.62	73.15	79.32	73.06	72.9	78.75	79.64	72.18	74.3	77.14	73.23	74.5	74.09	73.81	73.44	77.8	77.39	77.13	77.85	76.6	76.93	76.92	80.59	77.49	74.09	73.44	73.81	74.3	74.5	73.06	73.23	72.18	73.15	72.9	76.21	76.6	77.85	76.92	76.93	80.59	78.75	79.64	79.62	79.32	77.13	77.8	77.39	77.49	77.14
41	77.18	74.68	78.36	73.79	78.38	73.34	73.36	77.68	78.29	72.48	75.19	77.16	73.71	75.13	74.79	74.51	74.27	77.31	76.89	76.76	77.21	76.03	76.75	76.05	79.37	77.18	74.79	74.27	74.51	75.19	75.13	73.34	73.71	72.48	73.79	73.36	74.68	76.03	77.21	76.05	76.75	79.37	77.68	78.29	78.36	78.38	76.76	77.31	76.89	77.18	77.16
42	73.11	72.04	73.61	69.41	73.64	69.03	68.96	73.17	73.92	68.27	73.37	73.1	69.05	73.1	72.7	72.47	71.91	73.15	73.07	72.71	73.79	72.93	73.35	72.95	74.55	73.11	72.7	71.91	72.47	73.37	73.1	69.03	69.05	68.27	69.41	68.96	72.04	72.93	73.79	72.95	73.35	74.55	73.17	73.92	73.61	73.64	72.71	73.15	73.07	73.11	73.1
43	70.13	69.08	70.17	70.14	70.01	69.4	68.72	69.71	69.84	68.73	72.85	70.6	69.23	72.54	72.53	71.9	71.44	70.43	70.32	70.0	69.72	69.62	69.32	68.93	70.63	70.13	72.53	71.44	71.9	72.85	72.54	69.4	69.23	68.73	70.14	68.72	69.08	69.62	69.72	68.93	69.32	70.63	69.71	69.84	70.17	70.01	70.0	70.43	70.32	70.13	70.6
44	64.03	65.31	67.32	67.94	67.08	66.61	66.45	66.81	66.71	66.55	70.65	64.61	66.89	70.29	69.77	69.53	68.93	63.86	63.73	63.39	67.46	66.64	67.18	66.23	67.23	64.03	69.77	68.93	69.53	70.65	70.29	66.61	66.89	66.55	67.94	66.45	65.31	66.64	67.46	66.23	67.18	67.23	66.81	66.71	67.32	67.08	63.39	63.86	63.73	64.03	64.61
45	59.72	57.88	58.0	62.54	58.1	61.33	60.87	57.9	57.41	61.2	66.04	60.32	61.43	66.34	65.76	65.32	64.84	59.4	59.69	59.23	59.91	59.18	59.56	59.03	57.89	59.72	65.76	64.84	65.32	66.04	66.34	61.33	61.43	61.2	62.54	60.87	57.88	59.18	59.91	59.03	59.56	57.89	57.9	57.41	58.0	58.1	59.23	59.4	59.69	59.72	60.32
46	56.93	54.3	55.04	61.79	54.43	59.8	59.49	55.2	53.96	59.82	65.9	58.46	60.49	65.57	65.44	65.58	64.86	56.99	56.6	57.05	57.38	56.17	56.94	56.32	53.91	56.93	65.44	64.86	65.58	65.9	65.57	59.8	60.49	59.82	61.79	59.49	54.3	56.17	57.38	56.32	56.94	53.91	55.2	53.96	55.04	54.43	57.05	56.99	56.6	56.93	58.46
47	59.17	57.54	57.66	62.7	57.56	61.04	60.73	58.01	56.84	61.02	66.97	59.79	61.49	66.7	66.64	66.73	66.07	59.29	59.15	59.01	58.66	58.45	58.16	56.77	56.68	59.17	66.64	66.07	66.73	66.97	66.7	61.04	61.49	61.02	62.7	60.73	57.54	58.45	58.66	56.77	58.16	56.68	58.01	56.84	57.66	57.56	59.01	59.29	59.15	59.17	59.79
48	54.66	53.64	55.01	58.6	54.89	57.05	56.99	54.64	53.24	57.07	59.09	55.07	57.51	59.57	58.89	57.51	57.85	54.95	54.96	54.77	51.21	54.25	51.15	50.64	52.06	54.66	58.89	57.85	57.51	59.09	59.57	57.05	57.51	57.07	58.6	56.99	53.64	54.25	51.21	50.64	51.15	52.06	54.64	53.24	55.01	54.89	54.77	54.95	54.96	54.66	55.07
49	52.38	50.11	49.3	53.75	49.61	52.35	52.16	48.45	47.92	52.83	56.64	52.9	52.74	56.65	56.38	55.89	55.42	52.73	52.44	52.6	47.3	51.27	46.93	47.44	47.75	52.38	56.38	55.42	55.89	56.64	56.65	52.35	52.74	52.83	53.75	52.16	50.11	51.27	47.3	47.44	46.93	47.75	48.45	47.92	49.3	49.61	52.6	52.73	52.44	52.38	52.9
50	49.27	45.97	45.25	51.03	45.32	49.84	49.46	44.43	43.65	50.36	52.86	49.34	49.92	52.48	52.46	50.73	50.75	49.32	49.83	49.46	43.89	46.78	43.51	43.43	42.89	49.27	52.46	50.75	50.73	52.86	52.48	49.84	49.92	50.36	51.03	49.46	45.97	46.78	43.89	43.43	43.51	42.89	44.43	43.65	45.25	45.32	49.46	49.32	49.83	49.27	49.34
51	50.0	45.22	45.07	51.67	44.87	50.54	50.5	44.21	42.5	51.06	55.37	49.91	50.96	55.1	54.59	52.64	53.01	49.87	49.96	49.94	45.7	47.0	45.52	45.84	40.79	50.0	54.59	53.01	52.64	55.37	55.1	50.54	50.96	51.06	51.67	50.5	45.22	47.0	45.7	45.84	45.52	40.79	44.21	42.5	45.07	44.87	49.94	49.87	49.96	50.0	49.91
52	45.5	41.26	38.65	46.41	38.58	45.34	45.14	38.22	37.19	45.55	47.0	44.78	45.35	47.17	46.65	43.82	44.72	45.19	45.09	44.97	40.91	41.52	41.25	40.77	37.82	45.5	46.65	44.72	43.82	47.0	47.17	45.34	45.35	45.55	46.41	45.14	41.26	41.52	40.91	40.77	41.25	37.82	38.22	37.19	38.65	38.58	44.97	45.19	45.09	45.5	44.78
53	44.89	39.42	37.98	47.13	37.4	45.62	45.6	37.11	36.31	46.42	49.45	45.01	46.39	49.42	48.79	46.05	47.06	44.97	45.09	45.2	42.35	42.1	42.12	42.71	35.6	44.89	48.79	47.06	46.05	49.45	49.42	45.62	46.39	46.42	47.13	45.6	39.42	42.1	42.35	42.71	42.12	35.6	37.11	36.31	37.98	37.4	45.2	44.97	45.09	44.89	45.01
54	41.42	37.54	34.92	42.54	34.63	41.03	40.77	34.7	33.98	41.47	43.29	41.59	41.11	42.56	42.49	39.4	40.21	41.89	41.81	42.12	38.57	38.46	38.43	38.53	35.43	41.42	42.49	40.21	39.4	43.29	42.56	41.03	41.11	41.47	42.54	40.77	37.54	38.46	38.57	38.53	38.43	35.43	34.7	33.98	34.92	34.63	42.12	41.89	41.81	41.42	41.59
55	37.58	33.92	31.2	39.26	31.02	37.87	37.72	30.82	30.07	38.45	40.25	37.95	38.28	40.63	39.54	36.88	38.97	37.9	38.34	38.24	37.33	35.86	36.36	36.74	30.39	37.58	39.54	38.97	36.88	40.25	40.63	37.87	38.28	38.45	39.26	37.72	33.92	35.86	37.33	36.74	36.36	30.39	30.82	30.07	31.2	31.02	38.24	37.9	38.34	37.58	37.95
56	34.41	29.89	29.17	36.55	29.16	35.44	35.46	29.0	28.23	36.15	34.32	34.03	35.63	34.8	34.43	32.79	33.51	34.37	34.68	34.96	30.97	31.53	31.06	30.63	30.05	34.41	34.43	33.51	32.79	34.32	34.8	35.44	35.63	36.15	36.55	35.46	29.89	31.53	30.97	30.63	31.06	30.05	29.0	28.23	29.17	29.16	34.96	34.37	34.68	34.41	34.03
57	31.79	27.06	25.78	32.05	25.74	31.08	30.29	24.91	24.68	30.98	30.92	32.04	31.35	30.84	31.17	29.84	29.56	31.78	31.66	32.24	29.4	28.1	29.53	28.92	25.53	31.79	31.17	29.56	29.84	30.92	30.84	31.08	31.35	30.98	32.05	30.29	27.06	28.1	29.4	28.92	29.53	25.53	24.91	24.68	25.78	25.74	32.24	31.78	31.66	31.79	32.04
58	86.85	88.02	86.27	89.9	86.08	89.49	89.95	86.0	85.72	89.66	87.6	87.43	89.85	87.59	87.36	87.27	87.23	86.81	86.67	86.85	88.15	89.13	88.61	89.12	86.59	86.85	87.36	87.23	87.27	87.6	87.59	89.49	89.85	89.66	89.9	89.95	88.02	89.13	88.15	89.12	88.61	86.59	86.0	85.72	86.27	86.08	86.85	86.81	86.67	86.85	87.43
59	93.05	92.86	93.32	95.06	93.25	94.53	95.01	93.25	93.21	94.62	93.3	93.39	94.97	93.13	92.52	93.16	92.9	92.93	93.28	93.11	92.83	93.6	93.18	93.33	93.67	93.05	92.52	92.9	93.16	93.3	93.13	94.53	94.97	94.62	95.06	95.01	92.86	93.6	92.83	93.33	93.18	93.67	93.25	93.21	93.32	93.25	93.11	92.93	93.28	93.05	93.39
60	94.09	93.32	93.66	94.33	93.26	93.82	94.42	93.24	93.35	93.89	92.72	94.62	94.19	92.76	91.88	92.54	91.94	94.24	94.43	94.34	93.38	94.37	93.67	93.93	93.76	94.09	91.88	91.94	92.54	92.72	92.76	93.82	94.19	93.89	94.33	94.42	93.32	94.37	93.38	93.93	93.67	93.76	93.24	93.35	93.66	93.26	94.34	94.24	94.43	94.09	94.62
61	94.31	92.89	93.93	95.87	93.77	95.45	95.92	93.69	93.84	95.45	94.61	94.27	95.75	94.46	93.88	94.27	94.05	93.83	94.21	93.83	93.14	93.78	93.37	93.26	94.17	94.31	93.88	94.05	94.27	94.61	94.46	95.45	95.75	95.45	95.87	95.92	92.89	93.78	93.14	93.26	93.37	94.17	93.69	93.84	93.93	93.77	93.83	93.83	94.21	94.31	94.27
62	96.51	95.31	96.28	97.06	96.27	96.85	97.08	96.13	96.1	96.86	96.35	96.61	96.91	96.26	95.9	96.11	96.06	96.46	96.51	96.44	95.58	95.96	95.79	95.8	96.31	96.51	95.9	96.06	96.11	96.35	96.26	96.85	96.91	96.86	97.06	97.08	95.31	95.96	95.58	95.8	95.79	96.31	96.13	96.1	96.28	96.27	96.44	96.46	96.51	96.51	96.61
63	97.25	96.28	96.64	97.78	96.4	97.62	97.77	96.43	96.35	97.63	96.77	97.43	97.67	96.67	96.49	96.56	96.54	97.28	97.23	97.26	96.45	96.89	96.58	96.6	96.61	97.25	96.49	96.54	96.56	96.77	96.67	97.62	97.67	97.63	97.78	97.77	96.28	96.89	96.45	96.6	96.58	96.61	96.43	96.35	96.64	96.4	97.26	97.28	97.23	97.25	97.43
64	97.56	96.36	96.69	97.81	96.68	97.61	97.79	96.53	96.53	97.7	96.81	97.63	97.67	96.8	96.57	96.53	96.54	97.55	97.54	97.53	96.6	96.92	96.79	96.7	96.89	97.56	96.57	96.54	96.53	96.81	96.8	97.61	97.67	97.7	97.81	97.79	96.36	96.92	96.6	96.7	96.79	96.89	96.53	96.53	96.69	96.68	97.53	97.55	97.54	97.56	97.63
65	97.62	96.64	97.38	97.59	97.32	97.46	97.54	97.29	97.27	97.45	97.09	97.65	97.44	96.94	96.86	96.77	96.79	97.52	97.61	97.55	96.9	97.09	96.95	96.94	97.45	97.62	96.86	96.79	96.77	97.09	96.94	97.46	97.44	97.45	97.59	97.54	96.64	97.09	96.9	96.94	96.95	97.45	97.29	97.27	97.38	97.32	97.55	97.52	97.61	97.62	97.65
66	97.94	97.34	97.48	98.15	97.43	98.07	98.15	97.39	97.34	98.05	97.89	97.98	98.03	97.8	97.69	97.67	97.61	97.92	97.91	97.9	97.55	97.68	97.6	97.54	97.56	97.94	97.69	97.61	97.67	97.89	97.8	98.07	98.03	98.05	98.15	98.15	97.34	97.68	97.55	97.54	97.6	97.56	97.39	97.34	97.48	97.43	97.9	97.92	97.91	97.94	97.98
67	98.16	97.29	97.73	98.11	97.63	98.08	98.13	97.57	97.56	98.02	97.78	98.2	97.99	97.66	97.56	97.56	97.39	98.14	98.15	98.13	97.44	97.62	97.52	97.49	97.78	98.16	97.56	97.39	97.56	97.78	97.66	98.08	97.99	98.02	98.11	98.13	97.29	97.62	97.44	97.49	97.52	97.78	97.57	97.56	97.73	97.63	98.13	98.14	98.15	98.16	98.2
68	98.28	97.48	97.79	98.14	97.77	98.09	98.14	97.65	97.66	98.04	97.73	98.32	98.03	97.66	97.55	97.52	97.42	98.25	98.25	98.24	97.66	97.8	97.7	97.65	97.87	98.28	97.55	97.42	97.52	97.73	97.66	98.09	98.03	98.04	98.14	98.14	97.48	97.8	97.66	97.65	97.7	97.87	97.65	97.66	97.79	97.77	98.24	98.25	98.25	98.28	98.32
69	98.16	97.32	97.44	97.8	97.43	97.78	97.8	97.38	97.35	97.7	97.39	98.17	97.6	97.21	97.06	97.13	96.99	98.13	98.11	98.11	97.51	97.63	97.53	97.56	97.6	98.16	97.06	96.99	97.13	97.39	97.21	97.78	97.6	97.7	97.8	97.8	97.32	97.63	97.51	97.56	97.53	97.6	97.38	97.35	97.44	97.43	98.11	98.13	98.11	98.16	98.17
70	98.23	97.6	97.59	97.74	97.46	97.69	97.78	97.38	97.42	97.67	97.53	98.26	97.66	97.37	97.24	97.3	97.15	98.22	98.22	98.21	97.78	97.92	97.79	97.76	97.67	98.23	97.24	97.15	97.3	97.53	97.37	97.69	97.66	97.67	97.74	97.78	97.6	97.92	97.78	97.76	97.79	97.67	97.38	97.42	97.59	97.46	98.21	98.22	98.22	98.23	98.26
71	98.4	97.74	98.05	97.87	97.96	97.87	97.93	97.92	97.92	97.78	97.87	98.43	97.72	97.72	97.67	97.65	97.45	98.41	98.38	98.38	97.87	98.01	97.9	97.9	98.17	98.4	97.67	97.45	97.65	97.87	97.72	97.87	97.72	97.78	97.87	97.93	97.74	98.01	97.87	97.9	97.9	98.17	97.92	97.92	98.05	97.96	98.38	98.41	98.38	98.4	98.43
72	97.91	97.06	97.45	97.44	97.39	97.38	97.52	97.2	97.26	97.35	97.24	97.95	97.33	97.13	97.01	97.03	96.83	97.87	97.87	97.82	97.29	97.35	97.33	97.23	97.6	97.91	97.01	96.83	97.03	97.24	97.13	97.38	97.33	97.35	97.44	97.52	97.06	97.35	97.29	97.23	97.33	97.6	97.2	97.26	97.45	97.39	97.82	97.87	97.87	97.91	97.95
73	98.07	97.37	97.55	96.94	97.45	96.88	96.95	97.35	97.39	96.8	97.21	98.05	96.71	96.98	96.87	96.85	96.6	98.03	98.02	97.99	97.55	97.65	97.5	97.48	97.69	98.07	96.87	96.6	96.85	97.21	96.98	96.88	96.71	96.8	96.94	96.95	97.37	97.65	97.55	97.48	97.5	97.69	97.35	97.39	97.55	97.45	97.99	98.03	98.02	98.07	98.05
74	97.83	96.96	97.17	96.7	97.13	96.74	96.79	96.94	96.95	96.6	96.46	97.81	96.49	96.13	96.02	96.02	95.51	97.79	97.76	97.73	97.09	97.3	97.08	97.0	97.36	97.83	96.02	95.51	96.02	96.46	96.13	96.74	96.49	96.6	96.7	96.79	96.96	97.3	97.09	97.0	97.08	97.36	96.94	96.95	97.17	97.13	97.73	97.79	97.76	97.83	97.81
75	97.79	96.95	97.16	96.46	97.11	96.5	96.57	96.87	96.97	96.26	96.25	97.78	96.21	96.01	95.95	95.86	95.43	97.78	97.72	97.69	97.19	97.27	97.19	97.1	97.39	97.79	95.95	95.43	95.86	96.25	96.01	96.5	96.21	96.26	96.46	96.57	96.95	97.27	97.19	97.1	97.19	97.39	96.87	96.97	97.16	97.11	97.69	97.78	97.72	97.79	97.78
76	97.63	96.54	96.71	95.63	96.67	95.7	95.61	96.47	96.56	95.22	95.35	97.58	95.11	94.91	94.74	94.63	94.2	97.57	97.52	97.39	96.84	96.9	96.85	96.78	97.04	97.63	94.74	94.2	94.63	95.35	94.91	95.7	95.11	95.22	95.63	95.61	96.54	96.9	96.84	96.78	96.85	97.04	96.47	96.56	96.71	96.67	97.39	97.57	97.52	97.63	97.58
77	96.67	95.17	95.18	94.05	95.04	93.98	94.11	94.75	95.04	93.42	93.51	96.49	93.79	93.15	92.81	92.56	91.87	96.56	96.31	96.33	95.78	95.84	95.66	95.45	95.76	96.67	92.81	91.87	92.56	93.51	93.15	93.98	93.79	93.42	94.05	94.11	95.17	95.84	95.78	95.45	95.66	95.76	94.75	95.04	95.18	95.04	96.33	96.56	96.31	96.67	96.49
78	96.43	95.82	95.75	94.32	95.6	94.44	94.22	95.15	95.75	93.89	94.09	96.5	94.1	93.77	93.42	93.12	92.44	96.86	96.19	96.66	96.41	96.47	96.43	96.27	96.19	96.43	93.42	92.44	93.12	94.09	93.77	94.44	94.1	93.89	94.32	94.22	95.82	96.47	96.41	96.27	96.43	96.19	95.15	95.75	95.75	95.6	96.66	96.86	96.19	96.43	96.5
79	96.94	95.14	95.77	93.6	95.75	93.74	93.66	95.43	95.79	93.09	93.61	96.78	93.22	93.45	93.15	93.08	92.35	96.84	96.62	96.62	95.89	95.71	95.74	95.56	96.34	96.94	93.15	92.35	93.08	93.61	93.45	93.74	93.22	93.09	93.6	93.66	95.14	95.71	95.89	95.56	95.74	96.34	95.43	95.79	95.77	95.75	96.62	96.84	96.62	96.94	96.78
80	95.98	94.38	95.59	93.31	95.6	93.48	93.15	95.25	95.63	92.7	92.58	95.62	92.78	92.18	91.92	91.93	90.75	95.97	95.52	95.35	95.54	95.11	95.39	94.64	96.17	95.98	91.92	90.75	91.93	92.58	92.18	93.48	92.78	92.7	93.31	93.15	94.38	95.11	95.54	94.64	95.39	96.17	95.25	95.63	95.59	95.6	95.35	95.97	95.52	95.98	95.62
81	94.39	93.41	94.49	89.18	94.44	89.59	89.27	93.88	94.43	88.45	88.97	94.16	88.91	88.23	88.17	87.58	86.21	94.53	93.91	93.84	94.27	94.04	93.73	93.47	95.21	94.39	88.17	86.21	87.58	88.97	88.23	89.59	88.91	88.45	89.18	89.27	93.41	94.04	94.27	93.47	93.73	95.21	93.88	94.43	94.49	94.44	93.84	94.53	93.91	94.39	94.16
82	95.61	93.76	94.43	88.9	94.44	89.01	88.77	93.95	94.31	88.05	89.92	95.52	88.29	88.97	88.9	87.82	86.7	95.75	95.16	95.13	94.89	94.59	94.47	94.19	95.23	95.61	88.9	86.7	87.82	89.92	88.97	89.01	88.29	88.05	88.9	88.77	93.76	94.59	94.89	94.19	94.47	95.23	93.95	94.31	94.43	94.44	95.13	95.75	95.16	95.61	95.52
83	96.3	95.08	96.16	92.82	96.19	93.04	92.98	95.8	96.16	92.32	92.49	96.17	92.48	92.02	91.93	91.48	90.53	96.4	95.91	95.81	96.12	95.81	95.94	95.77	96.69	96.3	91.93	90.53	91.48	92.49	92.02	93.04	92.48	92.32	92.82	92.98	95.08	95.81	96.12	95.77	95.94	96.69	95.8	96.16	96.16	96.19	95.81	96.4	95.91	96.3	96.17
84	94.82	93.16	94.82	87.23	94.72	87.62	87.8	94.06	94.67	86.56	85.78	94.48	87.34	85.08	85.08	84.46	83.22	94.96	94.29	94.3	94.5	93.75	94.09	93.74	95.57	94.82	85.08	83.22	84.46	85.78	85.08	87.62	87.34	86.56	87.23	87.8	93.16	93.75	94.5	93.74	94.09	95.57	94.06	94.67	94.82	94.72	94.3	94.96	94.29	94.82	94.48
85	93.67	92.22	92.88	84.86	92.7	84.9	85.24	92.12	92.89	83.91	83.13	93.34	84.43	82.86	83.01	82.52	81.69	93.85	92.98	93.05	93.25	92.5	92.88	92.64	93.69	93.67	83.01	81.69	82.52	83.13	82.86	84.9	84.43	83.91	84.86	85.24	92.22	92.5	93.25	92.64	92.88	93.69	92.12	92.89	92.88	92.7	93.05	93.85	92.98	93.67	93.34
86	95.58	94.21	95.91	89.41	95.9	89.53	89.35	95.51	95.98	88.64	89.38	95.58	89.0	88.9	88.59	88.1	86.77	95.65	95.15	95.2	95.01	94.5	94.58	94.55	96.6	95.58	88.59	86.77	88.1	89.38	88.9	89.53	89.0	88.64	89.41	89.35	94.21	94.5	95.01	94.55	94.58	96.6	95.51	95.98	95.91	95.9	95.2	95.65	95.15	95.58	95.58
87	94.61	92.56	96.17	89.54	96.2	91.03	91.05	95.8	96.36	89.17	88.01	94.14	90.7	87.6	87.51	87.25	85.36	94.57	93.95	93.72	94.46	93.3	94.04	93.72	96.99	94.61	87.51	85.36	87.25	88.01	87.6	91.03	90.7	89.17	89.54	91.05	92.56	93.3	94.46	93.72	94.04	96.99	95.8	96.36	96.17	96.2	93.72	94.57	93.95	94.61	94.14
88	92.96	90.25	95.69	84.79	95.7	86.04	86.4	95.18	95.93	84.62	81.82	92.78	86.03	81.32	81.74	81.22	79.71	93.18	92.46	92.38	91.42	90.6	91.12	90.87	96.64	92.96	81.74	79.71	81.22	81.82	81.32	86.04	86.03	84.62	84.79	86.4	90.25	90.6	91.42	90.87	91.12	96.64	95.18	95.93	95.69	95.7	92.38	93.18	92.46	92.96	92.78
89	94.78	93.99	96.07	87.17	96.01	88.14	87.8	95.7	96.34	86.76	87.53	94.48	87.29	86.53	86.81	86.58	84.26	94.61	94.24	94.09	94.27	94.02	94.12	94.11	96.88	94.78	86.81	84.26	86.58	87.53	86.53	88.14	87.29	86.76	87.17	87.8	93.99	94.02	94.27	94.11	94.12	96.88	95.7	96.34	96.07	96.01	94.09	94.61	94.24	94.78	94.48
90	92.95	91.14	95.27	88.12	95.28	88.73	89.22	94.88	95.72	87.41	87.21	92.64	88.59	86.72	86.91	86.54	85.26	93.02	92.37	92.42	92.07	91.19	91.58	91.18	96.34	92.95	86.91	85.26	86.54	87.21	86.72	88.73	88.59	87.41	88.12	89.22	91.14	91.19	92.07	91.18	91.58	96.34	94.88	95.72	95.27	95.28	92.42	93.02	92.37	92.95	92.64
91	88.38	86.44	93.46	83.74	93.79	83.89	84.58	93.1	94.18	83.48	81.57	88.2	84.48	81.09	81.26	80.85	79.48	88.61	87.89	87.79	87.67	86.78	87.13	86.58	95.41	88.38	81.26	79.48	80.85	81.57	81.09	83.89	84.48	83.48	83.74	84.58	86.44	86.78	87.67	86.58	87.13	95.41	93.1	94.18	93.46	93.79	87.79	88.61	87.89	88.38	88.2
92	90.93	88.2	94.36	83.7	94.56	83.79	84.48	93.71	95.3	83.17	82.93	90.8	84.35	82.64	82.58	82.01	80.96	91.07	90.39	90.68	89.18	88.39	89.2	88.88	96.11	90.93	82.58	80.96	82.01	82.93	82.64	83.79	84.35	83.17	83.7	84.48	88.2	88.39	89.18	88.88	89.2	96.11	93.71	95.3	94.36	94.56	90.68	91.07	90.39	90.93	90.8
93	88.51	87.38	91.79	82.38	92.07	82.48	82.54	91.6	92.68	81.83	82.47	88.07	82.61	82.17	81.98	81.84	80.83	88.44	87.85	88.09	87.86	87.39	87.54	86.75	93.57	88.51	81.98	80.83	81.84	82.47	82.17	82.48	82.61	81.83	82.38	82.54	87.38	87.39	87.86	86.75	87.54	93.57	91.6	92.68	91.79	92.07	88.09	88.44	87.85	88.51	88.07
94	84.66	84.1	89.05	82.0	89.32	82.31	82.77	88.59	90.06	81.43	82.8	84.48	82.69	82.26	82.49	82.26	81.5	84.61	84.33	84.28	85.14	84.4	84.6	84.16	91.37	84.66	82.49	81.5	82.26	82.8	82.26	82.31	82.69	81.43	82.0	82.77	84.1	84.4	85.14	84.16	84.6	91.37	88.59	90.06	89.05	89.32	84.28	84.61	84.33	84.66	84.48
95	82.77	80.85	83.8	76.3	83.68	77.12	77.19	83.51	84.02	75.6	75.98	82.55	77.23	75.87	75.46	75.39	73.84	82.82	82.35	82.45	81.54	81.34	81.4	81.16	85.02	82.77	75.46	73.84	75.39	75.98	75.87	77.12	77.23	75.6	76.3	77.19	80.85	81.34	81.54	81.16	81.4	85.02	83.51	84.02	83.8	83.68	82.45	82.82	82.35	82.77	82.55
96	82.76	81.86	85.29	77.39	84.98	77.77	77.9	84.28	85.22	76.82	77.85	82.36	77.88	77.91	77.91	77.65	76.26	83.0	82.42	82.61	82.7	82.41	82.67	82.17	86.25	82.76	77.91	76.26	77.65	77.85	77.91	77.77	77.88	76.82	77.39	77.9	81.86	82.41	82.7	82.17	82.67	86.25	84.28	85.22	85.29	84.98	82.61	83.0	82.42	82.76	82.36
97	80.66	79.52	83.31	77.29	83.35	76.78	76.61	82.82	83.78	75.9	79.48	80.66	76.79	79.04	78.61	78.47	77.96	80.94	80.57	80.56	80.82	80.15	80.8	79.58	84.77	80.66	78.61	77.96	78.47	79.48	79.04	76.78	76.79	75.9	77.29	76.61	79.52	80.15	80.82	79.58	80.8	84.77	82.82	83.78	83.31	83.35	80.56	80.94	80.57	80.66	80.66
98	77.57	76.01	79.56	73.39	79.4	73.02	72.95	78.82	79.71	72.39	74.29	77.26	73.11	74.18	74.03	73.8	73.3	77.84	77.44	77.24	77.24	76.4	76.61	76.57	80.54	77.57	74.03	73.3	73.8	74.29	74.18	73.02	73.11	72.39	73.39	72.95	76.01	76.4	77.24	76.57	76.61	80.54	78.82	79.71	79.56	79.4	77.24	77.84	77.44	77.57	77.26
99	76.97	75.74	78.71	73.96	78.51	73.29	73.23	77.69	78.29	72.69	75.23	76.83	73.56	74.97	74.78	74.55	74.11	77.59	76.77	76.8	75.54	75.91	75.42	74.92	79.14	76.97	74.78	74.11	74.55	75.23	74.97	73.29	73.56	72.69	73.96	73.23	75.74	75.91	75.54	74.92	75.42	79.14	77.69	78.29	78.71	78.51	76.8	77.59	76.77	76.97	76.83
100	72.91	72.51	73.71	69.7	73.69	69.08	68.77	73.08	73.85	68.31	73.26	72.95	68.96	73.06	72.64	72.49	71.64	73.19	72.92	72.78	72.63	72.74	72.76	72.21	74.42	72.91	72.64	71.64	72.49	73.26	73.06	69.08	68.96	68.31	69.7	68.77	72.51	72.74	72.63	72.21	72.76	74.42	73.08	73.85	73.71	73.69	72.78	73.19	72.92	72.91	72.95
101	70.18	68.2	70.05	70.47	70.13	69.52	68.56	69.61	70.01	68.9	72.66	70.27	69.09	72.11	72.33	71.91	71.4	70.52	70.35	70.0	69.98	69.43	70.09	69.45	70.73	70.18	72.33	71.4	71.91	72.66	72.11	69.52	69.09	68.9	70.47	68.56	68.2	69.43	69.98	69.45	70.09	70.73	69.61	70.01	70.05	70.13	70.0	70.52	70.35	70.18	70.27
102	63.79	65.93	67.3	68.18	67.34	66.83	66.3	66.76	66.85	66.61	70.61	64.22	66.78	70.25	69.81	69.37	69.0	64.11	64.01	63.55	65.87	66.67	66.48	65.45	67.13	63.79	69.81	69.0	69.37	70.61	70.25	66.83	66.78	66.61	68.18	66.3	65.93	66.67	65.87	65.45	66.48	67.13	66.76	66.85	67.3	67.34	63.55	64.11	64.01	63.79	64.22
103	59.67	58.77	58.12	62.84	58.27	61.46	60.5	57.82	57.32	61.25	65.81	60.27	61.2	66.23	65.53	65.41	64.67	59.77	59.64	59.22	58.03	59.36	58.8	58.04	57.28	59.67	65.53	64.67	65.41	65.81	66.23	61.46	61.2	61.25	62.84	60.5	58.77	59.36	58.03	58.04	58.8	57.28	57.82	57.32	58.12	58.27	59.22	59.77	59.64	59.67	60.27
104	56.7	55.51	54.9	62.04	54.85	59.83	58.96	54.87	53.78	60.41	65.83	57.57	60.14	65.56	65.29	65.54	64.59	57.39	56.99	56.71	54.89	56.43	55.3	53.93	53.44	56.7	65.29	64.59	65.54	65.83	65.56	59.83	60.14	60.41	62.04	58.96	55.51	56.43	54.89	53.93	55.3	53.44	54.87	53.78	54.9	54.85	56.71	57.39	56.99	56.7	57.57
105	59.05	56.77	57.79	62.7	57.93	61.02	60.35	57.94	56.62	61.58	66.93	59.32	61.35	66.58	66.17	66.81	65.29	59.34	59.59	59.0	58.4	58.55	58.56	57.65	56.1	59.05	66.17	65.29	66.81	66.93	66.58	61.02	61.35	61.58	62.7	60.35	56.77	58.55	58.4	57.65	58.56	56.1	57.94	56.62	57.79	57.93	59.0	59.34	59.59	59.05	59.32
106	54.72	50.72	54.82	58.82	54.59	57.23	56.69	55.08	53.35	57.38	58.93	55.06	57.45	59.42	58.44	57.53	57.65	55.16	55.12	54.82	53.64	54.55	53.99	53.67	51.66	54.72	58.44	57.65	57.53	58.93	59.42	57.23	57.45	57.38	58.82	56.69	50.72	54.55	53.64	53.67	53.99	51.66	55.08	53.35	54.82	54.59	54.82	55.16	55.12	54.72	55.06
107	52.3	47.25	49.27	53.67	49.36	52.39	52.19	48.8	48.04	52.84	56.36	52.57	52.84	56.83	56.09	55.82	55.37	52.69	52.64	52.51	49.75	51.25	50.02	50.06	47.46	52.3	56.09	55.37	55.82	56.36	56.83	52.39	52.84	52.84	53.67	52.19	47.25	51.25	49.75	50.06	50.02	47.46	48.8	48.04	49.27	49.36	52.51	52.69	52.64	52.3	52.57
108	49.29	44.0	45.07	50.94	45.34	49.92	49.54	44.6	43.64	50.14	52.21	49.27	50.0	52.39	51.49	50.45	50.33	49.36	49.93	49.37	45.57	47.2	45.57	45.36	42.81	49.29	51.49	50.33	50.45	52.21	52.39	49.92	50.0	50.14	50.94	49.54	44.0	47.2	45.57	45.36	45.57	42.81	44.6	43.64	45.07	45.34	49.37	49.36	49.93	49.29	49.27
109	50.11	45.78	44.97	51.94	44.75	50.85	50.57	44.39	42.64	50.93	54.45	49.98	51.15	54.76	53.42	52.17	52.7	49.85	50.13	49.99	45.03	47.34	44.79	44.97	41.03	50.11	53.42	52.7	52.17	54.45	54.76	50.85	51.15	50.93	51.94	50.57	45.78	47.34	45.03	44.97	44.79	41.03	44.39	42.64	44.97	44.75	49.99	49.85	50.13	50.11	49.98
110	45.15	41.14	38.73	46.54	38.62	45.89	45.22	38.28	37.16	45.61	46.72	45.33	45.37	46.85	45.57	43.23	44.92	45.25	45.27	45.05	41.07	41.78	40.87	40.22	37.66	45.15	45.57	44.92	43.23	46.72	46.85	45.89	45.37	45.61	46.54	45.22	41.14	41.78	41.07	40.22	40.87	37.66	38.28	37.16	38.73	38.62	45.05	45.25	45.27	45.15	45.33
111	45.11	42.67	38.04	47.14	37.53	45.95	45.99	37.16	36.4	45.92	48.61	45.19	46.37	48.95	47.63	45.74	46.59	44.92	45.08	45.29	39.28	42.23	39.01	39.28	35.63	45.11	47.63	46.59	45.74	48.61	48.95	45.95	46.37	45.92	47.14	45.99	42.67	42.23	39.28	39.28	39.01	35.63	37.16	36.4	38.04	37.53	45.29	44.92	45.08	45.11	45.19
112	41.6	38.85	34.95	42.76	34.77	41.59	40.74	34.65	34.02	41.4	42.48	41.81	41.36	42.42	41.12	39.14	40.66	41.68	41.81	42.29	37.04	38.57	37.33	37.09	35.18	41.6	41.12	40.66	39.14	42.48	42.42	41.59	41.36	41.4	42.76	40.74	38.85	38.57	37.04	37.09	37.33	35.18	34.65	34.02	34.95	34.77	42.29	41.68	41.81	41.6	41.81
113	37.98	36.77	31.2	39.31	31.19	38.17	37.91	30.96	29.94	37.99	38.9	38.29	38.43	40.16	38.24	36.9	37.78	37.72	37.82	38.31	34.29	36.2	34.28	34.24	30.17	37.98	38.24	37.78	36.9	38.9	40.16	38.17	38.43	37.99	39.31	37.91	36.77	36.2	34.29	34.24	34.28	30.17	30.96	29.94	31.2	31.19	38.31	37.72	37.82	37.98	38.29
114	34.39	31.78	29.02	36.6	29.19	35.89	35.19	28.89	28.25	35.92	33.48	34.34	35.92	34.85	33.89	32.94	33.95	34.24	34.7	35.12	29.65	31.79	29.84	29.29	29.86	34.39	33.89	33.95	32.94	33.48	34.85	35.89	35.92	35.92	36.6	35.19	31.78	31.79	29.65	29.29	29.84	29.86	28.89	28.25	29.02	29.19	35.12	34.24	34.7	34.39	34.34
115	31.81	29.74	25.89	31.92	25.8	31.7	30.23	25.28	24.84	30.68	29.8	32.3	30.87	31.16	30.23	29.73	30.06	31.76	31.71	32.59	26.32	29.04	26.8	26.76	25.65	31.81	30.23	30.06	29.73	29.8	31.16	31.7	30.87	30.68	31.92	30.23	29.74	29.04	26.32	26.76	26.8	25.65	25.28	24.84	25.89	25.8	32.59	31.76	31.71	31.81	32.3
