Positions	rank_0	rank_1	rank_2	rank_3
0	48.52	49.55	44.28	49.17
1	47.56	49.22	43.1	49.69
2	49.71	50.58	43.97	51.45
3	45.74	46.19	41.49	48.45
4	50.59	50.94	46.64	52.07
5	51.78	52.52	46.57	53.31
6	57.38	56.07	52.47	55.63
7	51.38	50.3	47.74	52.16
8	59.78	58.51	55.82	59.45
9	51.47	50.99	48.46	54.15
10	64.12	62.51	60.93	63.94
11	68.97	68.94	66.28	70.37
12	68.49	67.39	65.77	70.27
13	67.64	66.54	65.34	70.21
14	68.85	68.4	67.13	71.45
15	73.38	71.58	70.86	74.64
16	67.48	64.63	64.87	69.29
17	70.96	69.72	69.59	73.56
18	71.85	69.62	70.3	72.96
19	72.2	67.42	69.32	72.05
20	73.26	67.68	71.23	72.1
21	74.56	72.88	74.8	75.51
22	74.4	70.3	72.92	74.11
23	72.28	64.75	69.54	68.81
24	75.21	70.49	74.56	73.26
25	74.62	72.3	75.24	73.94
26	70.71	64.04	68.93	66.21
27	75.62	69.67	75.03	71.4
28	69.42	68.0	70.12	69.57
29	73.11	70.13	73.94	70.83
30	74.07	67.65	72.86	68.17
31	67.92	62.56	67.39	65.74
32	72.16	70.2	73.77	70.18
33	71.72	67.79	72.21	67.75
34	64.72	60.46	65.0	60.33
35	66.62	63.61	67.78	63.36
36	64.55	63.25	66.08	63.59
37	63.76	61.04	65.11	61.09
38	56.29	54.15	58.61	55.1
39	56.47	53.26	58.94	55.08
40	52.54	51.32	55.33	52.23
41	51.06	48.74	52.78	49.35
42	53.26	49.66	55.3	51.01
43	50.11	46.75	51.49	49.04
44	47.3	44.37	49.1	47.22
45	47.64	45.29	49.43	47.28
46	50.07	48.67	52.3	49.7
47	50.86	48.05	52.21	50.77
48	47.22	46.75	49.05	48.87
49	49.49	47.79	50.44	49.66
50	46.46	45.5	47.33	47.39
51	46.61	45.59	47.99	46.91
52	43.3	43.28	45.06	44.94
53	45.27	46.16	46.82	47.1
54	45.04	45.65	46.27	46.44
55	45.98	46.01	47.59	47.67
56	48.9	48.63	50.72	51.12
57	50.79	50.53	52.12	53.27
58	48.3	47.76	50.24	50.76
59	55.34	55.45	57.77	57.94
60	56.05	56.69	59.51	58.53
61	52.92	52.51	57.11	55.55
62	54.8	56.06	59.5	58.21
63	59.58	60.65	64.7	63.05
64	59.29	60.78	65.64	62.41
65	59.47	60.73	65.96	62.35
66	61.08	62.85	67.43	65.35
67	60.86	60.82	67.26	63.76
68	56.13	55.55	62.33	58.72
69	59.37	61.75	67.26	64.81
70	61.88	62.62	68.96	65.67
71	57.16	57.06	63.72	59.3
72	55.85	56.12	62.18	58.53
73	57.39	59.26	65.17	61.95
74	53.7	53.2	59.41	55.82
75	53.36	52.46	58.63	54.24
76	50.35	50.48	56.56	53.18
77	50.03	50.66	55.31	52.85
78	48.46	47.74	53.61	50.39
79	49.96	50.89	54.79	52.01
80	46.63	50.88	50.97	50.16
81	47.36	51.21	51.69	50.38
82	56.98	58.92	58.24	58.62
83	54.8	56.46	56.13	56.12
84	55.3	56.79	56.4	56.0
85	57.55	59.26	58.93	58.84
86	63.9	61.2	60.53	61.79
87	64.73	62.46	61.79	62.29
88	62.97	60.55	59.98	60.25
89	62.69	61.32	60.12	61.82
90	67.47	63.34	62.49	64.1
91	62.91	59.96	59.14	60.56
92	63.31	61.68	61.11	61.82
93	63.0	59.62	58.91	59.87
94	60.03	58.01	56.33	58.32
95	61.38	60.86	58.94	60.66
96	58.18	54.52	54.02	53.91
97	56.71	55.61	53.42	54.56
98	61.73	58.21	56.43	57.56
99	58.39	58.35	55.38	57.08
100	64.59	65.2	62.64	63.77
101	78.51	78.63	77.23	78.24
102	80.29	80.8	79.12	80.02
103	82.39	82.26	81.3	82.5
104	80.47	80.85	79.45	81.02
105	80.23	81.24	79.38	81.28
106	84.1	84.39	82.62	84.14
107	84.84	86.55	84.49	86.19
108	81.4	83.85	81.38	83.7
109	76.25	79.43	77.26	79.43
110	77.32	78.0	77.12	78.43
111	79.83	81.98	80.58	82.13
112	78.38	79.46	78.26	79.53
113	66.52	67.25	66.46	66.82
114	65.77	64.4	64.02	64.35
115	68.26	67.43	67.55	67.97
116	73.76	74.44	73.97	75.01
117	70.36	69.91	70.47	70.35
118	78.42	78.93	79.81	80.37
119	79.69	79.8	80.45	80.9
120	84.76	85.05	85.59	86.3
121	79.28	78.85	79.55	79.78
122	82.89	82.43	83.26	83.54
123	84.83	85.17	85.59	86.11
124	86.91	86.72	87.04	87.53
125	87.73	86.81	87.05	87.56
126	86.76	86.28	86.49	86.81
127	86.04	84.81	85.19	85.73
128	81.78	81.36	81.47	81.69
129	84.87	83.78	83.77	84.47
130	83.68	83.17	82.85	83.64
131	84.68	84.19	84.22	84.85
132	89.02	88.34	88.06	89.05
133	85.16	84.49	84.73	85.65
134	85.41	84.9	84.66	85.44
135	89.87	88.94	89.44	90.53
136	88.75	88.11	88.65	89.47
137	91.84	90.81	91.5	91.87
138	83.13	81.9	82.87	83.02
139	88.34	87.87	88.96	89.75
140	91.68	91.18	91.77	92.57
141	88.25	87.27	88.96	89.36
142	89.4	89.18	90.14	90.49
143	90.94	90.94	91.6	92.09
144	89.8	89.45	90.75	91.09
145	89.71	89.6	90.69	90.92
146	89.06	89.06	89.98	90.23
147	90.98	91.01	91.65	92.02
148	88.09	87.39	88.9	89.01
149	82.89	83.61	84.89	85.04
150	84.8	85.61	87.03	87.32
151	90.45	90.58	91.62	91.64
152	89.18	89.92	91.0	90.8
153	83.67	84.3	84.92	84.7
154	85.95	86.75	87.53	87.18
155	88.15	89.34	89.93	89.49
156	89.84	90.85	91.33	90.88
157	88.3	89.57	89.88	89.38
158	85.8	87.03	87.61	86.91
159	85.7	87.0	87.61	86.8
160	90.74	91.98	92.18	91.61
161	87.75	88.83	89.4	88.66
162	91.07	92.08	92.42	91.41
163	89.13	90.34	90.71	89.59
164	91.67	93.04	93.22	92.15
165	86.57	87.91	88.22	87.14
166	86.38	87.19	87.55	86.4
167	86.7	87.84	88.43	87.13
168	91.96	93.44	93.24	92.5
169	88.08	89.53	89.6	88.11
170	87.15	87.87	88.05	86.81
171	86.37	88.43	88.39	86.94
172	92.22	93.46	93.24	92.27
173	91.54	92.48	92.06	91.13
174	87.89	88.65	88.33	87.39
175	90.04	91.59	90.9	90.18
176	89.61	91.31	90.64	89.63
177	89.37	90.33	89.45	88.8
178	85.76	87.54	85.89	85.88
179	89.37	91.13	89.89	89.69
180	88.96	90.43	89.66	89.21
181	89.31	90.32	89.25	89.25
182	87.11	88.24	86.78	86.72
183	87.61	88.95	87.47	87.79
184	88.71	89.57	88.86	88.86
185	86.56	86.66	86.26	85.72
186	84.58	85.16	84.12	83.92
187	81.2	82.63	81.23	82.33
188	85.5	85.52	85.88	85.11
189	79.97	80.23	79.82	78.83
190	81.19	81.96	81.05	81.24
191	80.73	80.67	80.76	80.64
192	76.04	76.05	76.63	76.27
193	77.85	77.63	77.69	77.16
194	70.4	70.68	71.57	71.78
195	74.53	74.16	75.63	74.85
196	73.64	73.27	74.77	73.96
197	73.76	73.38	75.43	75.4
198	70.63	70.37	71.98	72.26
199	73.83	73.4	74.88	74.65
200	69.58	69.58	71.08	70.19
201	74.53	73.27	76.4	76.44
202	73.93	73.16	75.27	75.35
203	74.98	74.1	76.67	76.16
204	71.68	71.09	73.19	72.51
205	68.01	66.81	68.58	69.05
206	75.46	73.91	77.34	76.93
207	72.34	71.28	72.84	72.23
208	76.49	75.16	77.98	78.05
209	75.52	73.83	77.02	77.09
210	78.08	75.96	79.39	79.13
211	74.22	72.95	75.12	74.85
212	72.31	70.92	73.23	73.36
213	79.07	76.68	80.21	79.9
214	79.22	76.7	79.98	79.44
215	74.45	72.79	75.29	74.91
216	79.33	76.61	79.88	79.79
217	73.15	71.72	74.35	74.11
218	74.75	72.83	75.59	75.06
219	74.22	71.95	75.4	74.95
220	77.04	74.36	77.84	77.65
221	78.43	76.18	78.78	78.58
222	76.11	74.64	76.58	76.23
223	72.92	71.65	73.77	73.2
224	78.07	75.98	78.26	78.34
225	78.36	75.99	78.33	78.62
226	77.3	75.04	77.32	77.61
227	72.55	70.9	72.55	72.77
228	74.85	73.5	75.09	74.71
229	74.45	72.97	73.51	74.72
230	67.92	67.61	67.88	69.75
