Positions	rank_0
0	65.0
1	72.0
2	70.0
3	67.0
4	72.0
5	72.0
6	75.0
7	73.0
8	78.0
9	68.0
10	81.0
11	81.0
12	80.0
13	78.0
14	79.0
15	82.0
16	73.0
17	82.0
18	79.0
19	81.0
20	80.0
21	83.0
22	83.0
23	78.0
24	84.0
25	83.0
26	77.0
27	86.0
28	79.0
29	80.0
30	84.0
31	75.0
32	78.0
33	77.0
34	77.0
35	75.0
36	68.0
37	72.0
38	68.0
39	63.0
40	65.0
41	61.0
42	60.0
43	54.0
44	53.0
45	51.0
46	53.0
47	46.0
48	45.0
49	46.0
50	39.0
51	38.0
52	31.0
53	29.0
54	28.0
55	25.0
56	23.0
57	26.0
58	27.0
59	32.0
60	37.0
61	36.0
62	40.0
63	43.0
64	48.0
65	50.0
66	50.0
67	51.0
68	57.0
69	55.0
70	56.0
71	57.0
72	56.0
73	57.0
74	53.0
75	55.0
76	53.0
77	52.0
78	56.0
79	49.0
80	46.0
81	46.0
82	52.0
83	54.0
84	54.0
85	55.0
86	60.0
87	61.0
88	58.0
89	56.0
90	58.0
91	55.0
92	54.0
93	51.0
94	52.0
95	49.0
96	47.0
97	44.0
98	45.0
99	46.0
100	45.0
101	44.0
102	50.0
103	42.0
104	48.0
105	51.0
106	44.0
107	50.0
108	47.0
109	41.0
110	47.0
111	49.0
112	47.0
113	45.0
114	49.0
115	42.0
116	47.0
117	50.0
118	51.0
119	52.0
120	50.0
121	50.0
122	54.0
123	54.0
124	54.0
125	54.0
126	52.0
127	59.0
128	55.0
129	56.0
130	55.0
131	53.0
132	60.0
133	61.0
134	63.0
135	69.0
136	70.0
137	60.0
138	67.0
139	74.0
140	74.0
141	69.0
142	75.0
143	78.0
144	73.0
145	74.0
146	79.0
147	82.0
148	75.0
149	74.0
150	78.0
151	83.0
152	74.0
153	74.0
154	81.0
155	79.0
156	80.0
157	80.0
158	80.0
159	79.0
160	82.0
161	81.0
162	85.0
163	80.0
164	86.0
165	82.0
166	82.0
167	74.0
168	87.0
169	81.0
170	82.0
171	81.0
172	87.0
173	86.0
174	85.0
175	85.0
176	81.0
177	85.0
178	82.0
179	84.0
180	76.0
181	84.0
182	85.0
183	84.0
184	85.0
185	83.0
186	84.0
187	79.0
188	84.0
189	78.0
190	82.0
191	84.0
192	79.0
193	83.0
194	80.0
195	83.0
196	84.0
197	85.0
198	77.0
199	84.0
200	79.0
201	85.0
202	82.0
203	84.0
204	83.0
205	75.0
206	83.0
207	79.0
208	84.0
209	81.0
210	84.0
211	81.0
212	81.0
213	84.0
214	84.0
215	80.0
216	85.0
217	78.0
218	81.0
219	79.0
220	79.0
221	75.0
222	71.0
223	67.0
224	69.0
225	66.0
226	65.0
227	59.0
228	58.0
229	55.0
230	54.0
